Name,Industry,Website,BillingCountry,BillingStreet,Segment__c,Description
bianca de paula A Artistry Flow,,,US,"Land O Lakes, 34638",Key Account,Partner-ID EU: 401181018 | Partner-ID NA: 401181018 | SPOD Merchant-ID: 296900
Elliot Schiro the_dandlion_§hop,,,US,"Evansville, 47701",Key Account,Partner-ID EU: 401181021 | Partner-ID NA: 401181021 | SPOD Merchant-ID: 296901
Lidl Stiftung & Co. KG,,,,,bulk,SF-Account-ID: 001Tr00000Kvd4LIAR
Zoo Leipzig GmbH,,,,,bulk,SF-Account-ID: 0016M00002ejEYXQA2
Bad Taste Empire,,,,,bulk,SF-Account-ID: 0016M00002aodFKQAY
North Elementary School,,,,,bulk,SF-Account-ID: 0016M00002aodoyQAA
American National University,,,,,bulk,SF-Account-ID: 0016M00002aomzIQAQ
"Sylvesters, Inc",,,,,bulk,SF-Account-ID: 0016M00002aomzSQAQ
chabad of bethesda,,,,,bulk,SF-Account-ID: 0016M00002aovuMQAQ
ChartMogul,,,,,bulk,SF-Account-ID: 0016M00002ap48eQAA
economics student society sfu,,,,,bulk,SF-Account-ID: 0016M00002ap9bCQAQ
MHM,,,,,bulk,SF-Account-ID: 0016M00002apCQwQAM
Yankalilla Youth Arts Inc.,,,,,bulk,SF-Account-ID: 0016M00002apZUUQA2
Apt agency,,,,,bulk,SF-Account-ID: 0016M00002apay5QAA
Animati Paintings,,,,,bulk,SF-Account-ID: 0016M00002apqDcQAI
Simon Fraser University,,,,,bulk,SF-Account-ID: 0016M00002apqQHQAY
Friends of Generations Inc,,,,,bulk,SF-Account-ID: 0016M00002aq8KWQAY
F~N®,,,,,bulk,SF-Account-ID: 0016M00002aq8r9QAA
RockLogic GmbH,,,,,bulk,SF-Account-ID: 0016M00002aq8WXQAY
Scholz & Friends,,,,,bulk,SF-Account-ID: 0016M00002ejEW5QAM
Opera UK,,,,,bulk,SF-Account-ID: 001Tr00000IMDVjIAP
BluCactus,,,,,bulk,SF-Account-ID: 001Tr00000IGbfZIAT
Lancaster University Leipzig / Navitas Germany GmbH,,,,,bulk,SF-Account-ID: 001Tr00000IGapyIAD
ACT Health,,,,,bulk,SF-Account-ID: 0016M00002YU5wZQAT
Ben Franklin Elementary,,,,,bulk,SF-Account-ID: 0016M00002YUCaxQAH
Digital Health Festival,,,,,bulk,SF-Account-ID: 0016M00002ZZb9KQAT
The Wellington School,,,,,bulk,SF-Account-ID: 0016M00002ZZdo2QAD
George P. Johnson,,,,,bulk,SF-Account-ID: 0016M00002ZZn2QQAT
Eusebeia,,,,,bulk,SF-Account-ID: 0016M00002ZZqJsQAL
SilverLynx Media GmbH,,,,,bulk,SF-Account-ID: 0016M00002ZZs36QAD
Milk & Honey Coffee Shop,,,,,bulk,SF-Account-ID: 0016M00002ZZpknQAD
Live Casino  Pittsburgh,,,,,bulk,SF-Account-ID: 0016M00002ZZqiCQAT
Liberty Lake Church,,,,,bulk,SF-Account-ID: 0016M00002ZZtrRQAT
PLANB Sportmarketing,,,,,bulk,SF-Account-ID: 0016M00002ZZsdDQAT
Powerplay Health and Fitness,,,,,bulk,SF-Account-ID: 0016M00002ZZtsFQAT
Unger Germany GmbH,,,,,bulk,SF-Account-ID: 001Tr000005kCPUIA2
Plastic Fischer GmbH,,,,,bulk,SF-Account-ID: 001Tr00000IGarZIAT
BRHS Grad Night,,,,,bulk,SF-Account-ID: 0016M00002Za1vbQAB
Keywords Studios Australia Pty Ltd,,,,,bulk,SF-Account-ID: 0016M00002Za1hFQAR
Chippewa Steel Hockey Team,,,,,bulk,SF-Account-ID: 0016M00002Za1heQAB
Communauté du chemin neuf,,,,,bulk,SF-Account-ID: 0016M00002Za9yDQAR
Dont have yet,,,,,bulk,SF-Account-ID: 0016M00002Za8xUQAR
JT Academy Handelsbolag,,,,,bulk,SF-Account-ID: 0016M00002ZaG0zQAF
Circus Circus Hotel/Casino,,,,,bulk,SF-Account-ID: 0016M00002ZaDYtQAN
Cornerstone Church,,,,,bulk,SF-Account-ID: 0016M00002ZaDrLQAV
mission street tattoo,,,,,bulk,SF-Account-ID: 0016M00002ZaGihQAF
Rock of Refuge Church,,,,,bulk,SF-Account-ID: 0016M00002ZaHGdQAN
GYM DU PLATEAU,,,,,bulk,SF-Account-ID: 0016M00002ZaLdFQAV
Vargas Visions Design LLC,,,,,bulk,SF-Account-ID: 0016M00002ZaPELQA3
MUD MASTERS B.V.,,,,,bulk,SF-Account-ID: 001Tr00000IFvZyIAL
75 Outside,,,,,bulk,SF-Account-ID: 0016M00002ZaOKSQA3
Arlims Holdings Incorporated,,,,,bulk,SF-Account-ID: 0016M00002ZaPWHQA3
Fête personnelle,,,,,bulk,SF-Account-ID: 0016M00002ZaXH2QAN
RedFork Marketing,,,,,bulk,SF-Account-ID: 0016M00002ZaWLbQAN
Montessori Schule Dachau,,,,,bulk,SF-Account-ID: 0016M00002ZadsBQAR
Misfits of Minot,,,,,bulk,SF-Account-ID: 0010J00002DzHwSQAV
DMA Solution,,,,,bulk,SF-Account-ID: 0016M00002ZaewtQAB
Lasmari,,,,,bulk,SF-Account-ID: 0016M00002ZajiuQAB
SUMNER COUNTY SCHOOL DISTRICT,,,,,bulk,SF-Account-ID: 0016M00002Zai6NQAR
WEST CARROLL SCHOOLS 314,,,,,bulk,SF-Account-ID: 0016M00002Zai76QAB
LAS LOMITAS ELEMENTARY SCHOOL DISTRICT,,,,,bulk,SF-Account-ID: 0016M00002Zai8iQAB
VALLEY STREAM UFSD 24,,,,,bulk,SF-Account-ID: 0016M00002Zai9gQAB
DALLAS INDEPENDENT SCHOOL DISTRICT,,,,,bulk,SF-Account-ID: 0016M00002ZaiAAQAZ
ACHIEVE RESULTS ACADEMY,,,,,bulk,SF-Account-ID: 0016M00002ZaiB3QAJ
"Five Star Restoration & Construction, Inc.",,,,,bulk,SF-Account-ID: 0016M00002ZaiEgQAJ
Joy Construction Corporation,,,,,bulk,SF-Account-ID: 0016M00002ZaiFjQAJ
COVENTRY PUBLIC SCHOOL,,,,,bulk,SF-Account-ID: 0016M00002ZaiCpQAJ
LONE GROVE SCHOOL DISTRICT 32,,,,,bulk,SF-Account-ID: 0016M00002ZaiDOQAZ
"Abbey Bridges Construction Co., LLC",,,,,bulk,SF-Account-ID: 0016M00002ZaiF5QAJ
Jdl Warm Construction LLC,,,,,bulk,SF-Account-ID: 0016M00002ZaiFUQAZ
VCM Construction Inc.,,,,,bulk,SF-Account-ID: 0016M00002ZaiFyQAJ
"Pinam Construction, Inc.",,,,,bulk,SF-Account-ID: 0016M00002ZaiG8QAJ
INK Entertainment,,,,,bulk,SF-Account-ID: 0016M00002ZalTHQAZ
BDE Ensta Bretagne,,,,,bulk,SF-Account-ID: 0016M00002ZaqgGQAR
Leviathan,,,,,bulk,SF-Account-ID: 0016M00002Zat4jQAB
Private company ( ROOTZ ),,,,,bulk,SF-Account-ID: 0016M00002ZawHUQAZ
PINE BUSH CENTRAL SCHOOL DISTRICT,,,,,bulk,SF-Account-ID: 0016M00002ZaxCJQAZ
Pong Night INC.,,,,,bulk,SF-Account-ID: 0016M00002Zb0cxQAB
Central Elementary School Council,,,,,bulk,SF-Account-ID: 0016M00002Zb67pQAB
Peace Love Autism,,,,,bulk,SF-Account-ID: 0016M00002O5DHWQA3
Blackhawk Veterinary Hospital,,,,,bulk,SF-Account-ID: 0016M00002ZbJcuQAF
Rocks and Acid Wine Shop,,,,,bulk,SF-Account-ID: 0016M00002ZbJSVQA3
Bob Hawke College,,,,,bulk,SF-Account-ID: 0016M00002ZbKLBQA3
GENEVA SCHOOLS,,,,,bulk,SF-Account-ID: 0016M00002ZbKNqQAN
AKRON BOARD OF EDUCATION,,,,,bulk,SF-Account-ID: 0016M00002ZbKOPQA3
mygrandmatime,,,,,bulk,SF-Account-ID: 0016M00002ZbQDtQAN
Ropack Inc.,,,,,bulk,SF-Account-ID: 0016M00002ZbQMFQA3
Deutsches Rotes Kreuz Kreisverband Vechta e.V.,,,,,bulk,SF-Account-ID: 0016M00002ZbZg7QAF
Dianou,,,,,bulk,SF-Account-ID: 0016M00002aLswdQAC
chongchongtre,,,,,bulk,SF-Account-ID: 0016M00002ae4sPQAQ
Hoekstra Farms,,,,,bulk,SF-Account-ID: 0016M00002aeNTIQA2
Washoe County School District,,,,,bulk,SF-Account-ID: 0016M00002aePg0QAE
Brockport Central School District,,,,,bulk,SF-Account-ID: 0016M00002aePgUQAU
Prodeo Academy,,,,,bulk,SF-Account-ID: 0016M00002aePgjQAE
New Life Christian School of E,,,,,bulk,SF-Account-ID: 0016M00002aePgtQAE
Clovis Municipal School District,,,,,bulk,SF-Account-ID: 0016M00002aePhDQAU
Aurora West School District 129,,,,,bulk,SF-Account-ID: 0016M00002aePhIQAU
Columbus Grove Local School District,,,,,bulk,SF-Account-ID: 0016M00002aePhrQAE
Liberty-Benton Local School District,,,,,bulk,SF-Account-ID: 0016M00002aePiQQAU
Community High School District 218,,,,,bulk,SF-Account-ID: 0016M00002aePikQAE
School District of Marshfield,,,,,bulk,SF-Account-ID: 0016M00002aePj4QAE
Redcliffe Elem. School,,,,,bulk,SF-Account-ID: 0016M00002aePj9QAE
Glendale Unified School District,,,,,bulk,SF-Account-ID: 0016M00002aePjnQAE
Laurens County School District 56,,,,,bulk,SF-Account-ID: 0016M00002aePk7QAE
Marion County Public Schools,,,,,bulk,SF-Account-ID: 0016M00002aePkRQAU
Cheney Public Schools,,,,,bulk,SF-Account-ID: 0016M00002aePkgQAE
East Muskingum Local School District,,,,,bulk,SF-Account-ID: 0016M00002aePlZQAU
Windsor C-1 School District,,,,,bulk,SF-Account-ID: 0016M00002aePloQAE
Miami-Dade County Public Schools-158,,,,,bulk,SF-Account-ID: 0016M00002aePltQAE
Columbus City School District,,,,,bulk,SF-Account-ID: 0016M00002aePmXQAU
Wayne County School District,,,,,bulk,SF-Account-ID: 0016M00002aePn1QAE
Fontana Farms Brewing,,,,,bulk,SF-Account-ID: 0016M00002aeZdPQAU
Sheep Herding For City Dogs,,,,,bulk,SF-Account-ID: 0016M00002aehdcQAA
"The Inn, St Thomas Elgin",,,,,bulk,SF-Account-ID: 0016M00002ejPmDQAU
Toledo YES Project,,,,,bulk,SF-Account-ID: 0016M00002bTOPtQAO
DESIGN by TOM,,,,,bulk,SF-Account-ID: 0016M00002bT6ttQAC
OBF Gyms,,,,,bulk,SF-Account-ID: 0016M00002bTAHPQA4
Simms on Hair,,,,,bulk,SF-Account-ID: 0016M00002bTOHzQAO
Nfs,,,,,bulk,SF-Account-ID: 0016M00002bTRdFQAW
Christian Seacoast Community Church Inc,,,,,bulk,SF-Account-ID: 0016M00002bTRsFQAW
First Assembly of God,,,,,bulk,SF-Account-ID: 0016M00002bTRsoQAG
"Saguaro Canyon Church, Inc",,,,,bulk,SF-Account-ID: 0016M00002bTRtcQAG
"Fortsonia Baptist Church, Inc.",,,,,bulk,SF-Account-ID: 0016M00002bTRtrQAG
The First Baptist Church of Live Oak Inc,,,,,bulk,SF-Account-ID: 0016M00002bTRvdQAG
Winter Park Baptist Church,,,,,bulk,SF-Account-ID: 0016M00002bTRwMQAW
Freedom Hill Community Church,,,,,bulk,SF-Account-ID: 0016M00002bTRwwQAG
1st Church of Nazarene,,,,,bulk,SF-Account-ID: 0016M00002bTRxrQAG
Bethel Apostolic Church,,,,,bulk,SF-Account-ID: 0016M00002bTRtnQAG
"One Harbor Church, Inc.",,,,,bulk,SF-Account-ID: 0016M00002bTRz5QAG
"Barefoot Church, Inc.",,,,,bulk,SF-Account-ID: 0016M00002bTRzUQAW
"Solid Rock Pentecostal Church, Inc.",,,,,bulk,SF-Account-ID: 0016M00002bTS02QAG
"Heartland Church of Sun Prairie, Inc.",,,,,bulk,SF-Account-ID: 0016M00002bTRwNQAW
Overcoming Faith Christian Ctr,,,,,bulk,SF-Account-ID: 0016M00002bTS0qQAG
Broken Arrow Assembly,,,,,bulk,SF-Account-ID: 0016M00002bTS1KQAW
Eastlake Community Church,,,,,bulk,SF-Account-ID: 0016M00002bTS86QAG
Ellington Baptist Church Inc,,,,,bulk,SF-Account-ID: 0016M00002bTS8pQAG
Immanuel Baptist Church,,,,,bulk,SF-Account-ID: 0016M00002bTS9OQAW
Southside Baptist Church,,,,,bulk,SF-Account-ID: 0016M00002bTSBOQA4
Greater Grace Temple Annex,,,,,bulk,SF-Account-ID: 0016M00002bTSDPQA4
SAPA,,,,,bulk,SF-Account-ID: 0016M00002bTo4eQAC
ALMIGHT E,,,,,bulk,SF-Account-ID: 0016M00002bTo53QAC
McDonald,,,,,bulk,SF-Account-ID: 0016M00002bTo5mQAC
M.Riaz,,,,,bulk,SF-Account-ID: 0016M00002bToANQA0
Modico,,,,,bulk,SF-Account-ID: 0016M00002bTokwQAC
Mountek.de,,,,,bulk,SF-Account-ID: 0016M00002bTolBQAS
Wholesale Print Marketing,,,,,bulk,SF-Account-ID: 0016M00002bTvY8QAK
Brasserie Les Enfants Terribles,,,,,bulk,SF-Account-ID: 0016M00002bU1RBQA0
Shelter A Mutt Samuel C Mullin,,,,,bulk,SF-Account-ID: 0016M00002bWBniQAG
cumpa GmbH,,,,,bulk,SF-Account-ID: 001Tr00000IGaQ9IAL
Heartucate UG,,,,,bulk,SF-Account-ID: 001Tr00000LNpIgIAL
N5 Symposium,,,,,bulk,SF-Account-ID: 001Tr00000IGa0LIAT
adesso SE,,,,,bulk,SF-Account-ID: 0016M00002bWuiQQAS
Creacard,,,,,bulk,SF-Account-ID: 0016M00002aoOTdQAM
Klippenstine CPA Prof Corp,,,,,bulk,SF-Account-ID: 0016M00002bWra0QAC
Monster Couch sp. z o.o.,,,,,bulk,SF-Account-ID: 001Tr00000IKqL5IAL
Barça Academy Australia,,,,,bulk,SF-Account-ID: 0016M00002bX1ySQAS
Die Housekeeping Akademie,,,,,bulk,SF-Account-ID: 001Tr000001PEbtIAG
Eleven9j,,,,,bulk,SF-Account-ID: 0016M00002bX4taQAC
VLSD,,,,,bulk,SF-Account-ID: 0010J00001tTykSQAS
Invia SSC Germany GmbH,,,,,bulk,SF-Account-ID: 0010J000022HCxBQAW
The Way of Life Church,,,,,bulk,SF-Account-ID: 0016M00002bX8UsQAK
"Anova Education and Behavior Consultation, Inc.",,,,,bulk,SF-Account-ID: 0016M00002aLukiQAC
Bassett Unified School Dist,,,,,bulk,SF-Account-ID: 0016M00002aLukxQAC
Lauderdale County School District,,,,,bulk,SF-Account-ID: 0016M00002aLupJQAS
Pascagoula-Gautier School District,,,,,bulk,SF-Account-ID: 0016M00002aLupdQAC
Tomball Isd,,,,,bulk,SF-Account-ID: 0016M00002aLuq2QAC
Dekalb County School District,,,,,bulk,SF-Account-ID: 0016M00002aLuqHQAS
Sedro-Woolley School District,,,,,bulk,SF-Account-ID: 0016M00002aLuqWQAS
Trinity Lutheran Church,,,,,bulk,SF-Account-ID: 0016M00002aLuqvQAC
Gilmer Independent School District (inc),,,,,bulk,SF-Account-ID: 0016M00002aLurZQAS
Chesterfield County Public Schools,,,,,bulk,SF-Account-ID: 0016M00002aLureQAC
Rockford Public Schools,,,,,bulk,SF-Account-ID: 0016M00002aLurtQAC
Jackson Public School District Lease Corporation Inc,,,,,bulk,SF-Account-ID: 0016M00002aLus8QAC
Plainfield School District,,,,,bulk,SF-Account-ID: 0016M00002aLusNQAS
Media Merchants,,,,,bulk,SF-Account-ID: 0016M00002aLxiWQAS
Ibrar Ahmad,,,,,bulk,SF-Account-ID: 0016M00002ae1iHQAQ
BLK at Compass,,,,,bulk,SF-Account-ID: 0016M00002fpzVjQAI
Conrad Koerstz,,,,,bulk,SF-Account-ID: 0016M00002fqhLTQAY
379 Fire Department / U.S. Air Force,,,,,bulk,SF-Account-ID: 0016M00002fqmNiQAI
CPE Le petit monde de Caliméro,,,,,bulk,SF-Account-ID: 0016M00002frNhDQAU
Choc'd full,,,,,bulk,SF-Account-ID: 0016M00002gQyrWQAS
MPPD,,,,,bulk,SF-Account-ID: 001Tr000000TfpQIAS
Delancey Sports,,,,,bulk,SF-Account-ID: 0016M00002aqJdwQAE
Ordina,,,,,bulk,SF-Account-ID: 0016M00002aqJLPQA2
maleco Farbwerk GmbH,,,,,bulk,SF-Account-ID: 0016M00002aqSSHQA2
LAGA Flooring,,,,,bulk,SF-Account-ID: 0016M00002aqgWMQAY
Outlishclub,,,,,bulk,SF-Account-ID: 0016M00002aqokEQAQ
Hotel Birks Montréal,,,,,bulk,SF-Account-ID: 0016M00002aqpCCQAY
"Dynasty Bowling, Limited",,,,,bulk,SF-Account-ID: 0016M00002aqrbyQAA
XXIX,,,,,bulk,SF-Account-ID: 0016M00002ar3rDQAQ
Simon Arsenault,,,,,bulk,SF-Account-ID: 0016M00002arAGnQAM
Coldwell Banker Smith Homes,,,,,bulk,SF-Account-ID: 0016M00002arCuHQAU
Cuckoo BLock,,,,,bulk,SF-Account-ID: 0016M00002eipgOQAQ
bausep GmbH,,,,,bulk,SF-Account-ID: 0016M00002eib2oQAA
American Association of Fish Veterinarians,,,,,bulk,SF-Account-ID: 0016M00002eipg9QAA
"Cals Cru, Inc.",,,,,bulk,SF-Account-ID: 0016M00002eij4aQAA
Team PowerUP,,,,,bulk,SF-Account-ID: 0016M00002eipfaQAA
outlish,,,,,bulk,SF-Account-ID: 0016M00002eirExQAI
"Commander, Naval Air Force, Atlantic",,,,,bulk,SF-Account-ID: 0016M00002ej6rEQAQ
Cactus creations,,,,,bulk,SF-Account-ID: 0016M00002ejPkqQAE
upmc,,,,,bulk,SF-Account-ID: 0010J00001kXHVvQAO
Technical University of Munich,,,,,bulk,SF-Account-ID: 0016M00002ejwP4QAI
Ocean City Nor'easters,,,,,bulk,SF-Account-ID: 0016M00002UbYLNQA3
Cygnet Cares Suicide Prevention Network - NFP,,,,,bulk,SF-Account-ID: 0016M00002fbnwSQAQ
BFIIT,,,,,bulk,SF-Account-ID: 0016M00002fbfcJQAQ
natureman.ca,,,,,bulk,SF-Account-ID: 001Tr000000b10UIAQ
meplan GmbH,,,,,bulk,SF-Account-ID: 001Tr000000kp5xIAA
Kaitlyn Crawford,,,,,bulk,SF-Account-ID: 001Tr000000iKcXIAU
Hillenbrand GmbH,,,,,bulk,SF-Account-ID: 001Tr000000nPjeIAE
Expediagroup,,,,,bulk,SF-Account-ID: 001Tr000000rH2jIAE
RICOH DEUTSCHLAND GmbH,,,,,bulk,SF-Account-ID: 001Tr000000qhLsIAI
AMIKA,,,,,bulk,SF-Account-ID: 001Tr000000rRy9IAE
FC Kickers,,,,,bulk,SF-Account-ID: 001Tr000000sqrFIAQ
Kingart Pictures LLC,,,,,bulk,SF-Account-ID: 001Tr000000zfWCIAY
Purpose Power & Profits LLC,,,,,bulk,SF-Account-ID: 001Tr0000011QeEIAU
Community Housing Limited,,,,,bulk,SF-Account-ID: 001Tr0000014MREIA2
Hervey Bay Homeschoolers,,,,,bulk,SF-Account-ID: 001Tr0000014eXnIAI
Studio Form Sp. z o. o.,,,,,bulk,SF-Account-ID: 001Tr000001Q2TqIAK
PSW automotive engineering GmbH,,,,,bulk,SF-Account-ID: 001Tr000003vWvvIAE
Kanoo Pays,,,,,bulk,SF-Account-ID: 001Tr000001Q58LIAS
ecole primaire des bourlingueurs,,,,,bulk,SF-Account-ID: 001Tr000001ZDOPIA4
Pizza maru Lougheed,,,,,bulk,SF-Account-ID: 001Tr000001ZDgAIAW
EastlinkAir,,,,,bulk,SF-Account-ID: 001Tr000001fS1NIAU
Knauf Insulation,,,,,bulk,SF-Account-ID: 001Tr000002cMw2IAE
tap.,,,,,bulk,SF-Account-ID: 001Tr000001kdPBIAY
RWS,,,,,bulk,SF-Account-ID: 001Tr000001qTjhIAE
Red Bull Media House GmbH,,,,,bulk,SF-Account-ID: 001Tr00000BY5gTIAT
Alabama Institute for Deaf and Blind,,,,,bulk,SF-Account-ID: 001Tr0000028P1kIAE
Lopez Elementary,,,,,bulk,SF-Account-ID: 001Tr000002AEGfIAO
wtfref.com,,,,,bulk,SF-Account-ID: 001Tr000002GZ78IAG
Front Runners,,,,,bulk,SF-Account-ID: 001Tr000002kYjzIAE
martin-nodell.com,,,,,bulk,SF-Account-ID: 001Tr000003Hkr9IAC
TSV Grünwald e.V.,,,,,bulk,SF-Account-ID: 001Tr00000LT1JCIA1
1st Arrow Apparel,,,,,bulk,SF-Account-ID: 001Tr0000041HsXIAU
Witchside Tavern,,,,,bulk,SF-Account-ID: 001Tr0000041HkTIAU
GameStop Deutschland GmbH,,,,,bulk,SF-Account-ID: 001Tr000001SbIbIAK
Buzz Makers Marketing LLC,,,,,bulk,SF-Account-ID: 001Tr0000042EKjIAM
SA Skydiving,,,,,bulk,SF-Account-ID: 001Tr0000048nKeIAI
Highway Royalty ?,,,,,bulk,SF-Account-ID: 001Tr000004D0mNIAS
A Slice of NY,,,,,bulk,SF-Account-ID: 001Tr0000049gFYIAY
Greenfield early learning centre,,,,,bulk,SF-Account-ID: 001Tr000004C2YWIA0
ModCorr,,,,,bulk,SF-Account-ID: 001Tr000004D18vIAC
Hyde's,,,,,bulk,SF-Account-ID: 001Tr000004MtMvIAK
Iconography Studios,,,,,bulk,SF-Account-ID: 001Tr000004NAFiIAO
Joliet Junior College,,,,,bulk,SF-Account-ID: 001Tr000004UPy0IAG
RINGANA GmbH,,,,,bulk,SF-Account-ID: 001Tr000004ZFbOIAW
FAMILY REUNION,,,,,bulk,SF-Account-ID: 001Tr000004a7OrIAI
Camp,,,,,bulk,SF-Account-ID: 001Tr000004mYgDIAU
Private - club,,,,,bulk,SF-Account-ID: 001Tr000004nFhxIAE
Edmonton Public Schools,,,,,bulk,SF-Account-ID: 001Tr0000050jtVIAQ
Sisterhood Trades Gang,,,,,bulk,SF-Account-ID: 001Tr0000057UHrIAM
Munich International School e.V.,,,,,bulk,SF-Account-ID: 001Tr00000883IfIAI
"AIR QUALITY ENGINEERING, INC",,,,,bulk,SF-Account-ID: 001Tr00000597yfIAA
Coface,,,,,bulk,SF-Account-ID: 0016M00002UZuGXQA1
BELLE DAME,,,,,bulk,SF-Account-ID: 001Tr000005MoXyIAK
Matt Shepherd Productions,,,,,bulk,SF-Account-ID: 001Tr000005V9U1IAK
Nightmare Active,,,,,bulk,SF-Account-ID: 001Tr000005ZlveIAC
American Legion Post 800 Idyllwild CA,,,,,bulk,SF-Account-ID: 001Tr000005amEaIAI
LP - Lokalprojekte gemeinnützige GmbH,,,,,bulk,SF-Account-ID: 001Tr00000IHMoAIAX
The Remnant Academy,,,,,bulk,SF-Account-ID: 0016M00002FfpXuQAJ
Nevada Department of Transportation,,,,,bulk,SF-Account-ID: 001Tr000005ibU1IAI
Northern Edge Customs,,,,,bulk,SF-Account-ID: 001Tr0000065IiSIAU
St. Gertrude the great church,,,,,bulk,SF-Account-ID: 001Tr0000065bbNIAQ
jenolan caves,,,,,bulk,SF-Account-ID: 001Tr000006EngYIAS
STS Arborists,,,,,bulk,SF-Account-ID: 001Tr000006G3OKIA0
Pottery Green Bakers,,,,,bulk,SF-Account-ID: 001Tr000006IZtXIAW
Vissman Generations Group,,,,,bulk,SF-Account-ID: 001Tr000006IwRuIAK
"Video Game Archive Cafe, LLC",,,,,bulk,SF-Account-ID: 001Tr000006JPaLIAW
ACVO Vision for Animals Foundation,,,,,bulk,SF-Account-ID: 001Tr000006MbDcIAK
Haeftling Jailwear,,,,,bulk,SF-Account-ID: 001Tr0000083h2EIAQ
Erfurter Stadtwerke,,,,,bulk,SF-Account-ID: 001Tr00000CefdSIAR
Safrangroup,,,,,bulk,SF-Account-ID: 001Tr000007fTq3IAE
Splunk,,,,,bulk,SF-Account-ID: 001Tr000006ckj7IAA
Glam Collectionz,,,,,bulk,SF-Account-ID: 001Tr000006kCh5IAE
Catalina,,,,,bulk,SF-Account-ID: 001Tr00000726enIAA
NuStereo Love,,,,,bulk,SF-Account-ID: 001Tr0000072WFtIAM
MoveNation Dance Academy,,,,,bulk,SF-Account-ID: 001Tr0000072g8nIAA
bitaggregat GmbH,,,,,bulk,SF-Account-ID: 001Tr00000IGeTlIAL
Reif Baugesellschaft mbH & Co. KG,,,,,bulk,SF-Account-ID: 001Tr000007UW9hIAG
Here 4 U Ministries,,,,,bulk,SF-Account-ID: 001Tr000007ccUtIAI
Projet entrepreneurial du secondaire.,,,,,bulk,SF-Account-ID: 001Tr000007cqkkIAA
Arcadis Germany GmbH,,,,,bulk,SF-Account-ID: 001Tr00000BgKdYIAV
TCCC,,,,,bulk,SF-Account-ID: 001Tr0000082CzoIAE
Schwarze Husaren Schützenverein,,,,,bulk,SF-Account-ID: 001Tr0000080BgPIAU
Bloom GmbH,,,,,bulk,SF-Account-ID: 0010J00001s0NHsQAM
innos GmbH,,,,,bulk,SF-Account-ID: 001Tr00000IGXP3IAP
CLB 13,,,,,bulk,SF-Account-ID: 001Tr000008CR6IIAW
TOSS | Ticket Online Sales & Service Center GmbH,,,,,bulk,SF-Account-ID: 001Tr000008C2hOIAS
Hand in Hand / Civilfleet-Support e.V.,,,,,bulk,SF-Account-ID: 001Tr000009UOSjIAO
"Top Gear Scout, Scouts Victoria",,,,,bulk,SF-Account-ID: 001Tr000008i9W8IAI
R42 / Gecko Two GmbH,,,,,bulk,SF-Account-ID: 001Tr00000IMPS1IAP
X 365 Fitness,,,,,bulk,SF-Account-ID: 001Tr000008ySuUIAU
VPEA Victoria,,,,,bulk,SF-Account-ID: 001Tr000008eZk7IAE
SpreadLive,,,,,bulk,SF-Account-ID: 001Tr000008iTpiIAE
Sodalicious Cocktails,,,,,bulk,SF-Account-ID: 001Tr000008yKs7IAE
Futures Church,,,,,bulk,SF-Account-ID: 001Tr0000096vmPIAQ
ROCKBIRD GmbH,,,,,bulk,SF-Account-ID: 001Tr00000IGdz7IAD
Theion GmbH,,,,,bulk,SF-Account-ID: 001Tr0000096OnLIAU
Ross University School of Veterinary Medicine,,,,,bulk,SF-Account-ID: 001Tr0000099mjOIAQ
Tidy Timbers Removal Service,,,,,bulk,SF-Account-ID: 001Tr000009Mng1IAC
CAPS,,,,,bulk,SF-Account-ID: 001Tr000009Uy3EIAS
Rosanna.chan@shoptalk.com,,,,,bulk,SF-Account-ID: 001Tr000009kMmnIAE
City College of San Francisco,,,,,bulk,SF-Account-ID: 0016M00002aeNAdQAM
Jersey Devil Sport Fishing,,,,,bulk,SF-Account-ID: 001Tr000009o6TFIAY
J & K Painting Specialists,,,,,bulk,SF-Account-ID: 001Tr00000A2452IAB
Stefan Timme Familiengastronomie e.K. - McDonald's,,,,,bulk,SF-Account-ID: 001Tr00000A0uSgIAJ
Essen Widersetzen (VVN-BdA e.V.),,,,,bulk,SF-Account-ID: 001Tr00000ALjpBIAT
Church group,,,,,bulk,SF-Account-ID: 001Tr00000ANlgSIAT
GOLDSTÜCKLi - Der Podcast Für NEUE MUSIK,,,,,bulk,SF-Account-ID: 001Tr00000Bc8KoIAJ
Cino Capital GmbH,,,,,bulk,SF-Account-ID: 001Tr00000AbWhWIAV
Anti Boring Content Club GmbH,,,,,bulk,SF-Account-ID: 001Tr00000QKOLlIAP
People's Music School,,,,,bulk,SF-Account-ID: 001Tr00000AzsljIAB
Sweet Boutique,,,,,bulk,SF-Account-ID: 001Tr00000B7ztIIAR
EBESS,,,,,bulk,SF-Account-ID: 001Tr00000B88tKIAR
Intercontinental Melbourne The Rialto,,,,,bulk,SF-Account-ID: 001Tr00000BwW9GIAV
Bergstuderendes forening Jubileum,,,,,bulk,SF-Account-ID: 001Tr00000BkrPaIAJ
Akkon Hochschule für Humanwissenschaften,,,,,bulk,SF-Account-ID: 001Tr00000TpbMdIAJ
MHR Performance Parts,,,,,bulk,SF-Account-ID: 001Tr00000BdIusIAF
Kalypso Media Group GmbH,,,,,bulk,SF-Account-ID: 001Tr00000BhNZJIA3
GumGum,,,,,bulk,SF-Account-ID: 0010J000028vIiQQAU
Christopher Enke c/o IP-Management #26086,,,,,bulk,SF-Account-ID: 001Tr00000IKm9NIAT
"Scouts Australia, Qld Branch Inc (Brisbane South Region)",,,,,bulk,SF-Account-ID: 001Tr00000D7LRgIAN
Republic Armament,,,,,bulk,SF-Account-ID: 001Tr00000D7kTJIAZ
HMAS Warramunga,,,,,bulk,SF-Account-ID: 001Tr00000Cc8KDIAZ
Queensland Health,,,,,bulk,SF-Account-ID: 001Tr00000CbkZhIAJ
Company inc.,,,,,bulk,SF-Account-ID: 001Tr00000Cc7uPIAR
TARMAC e.V.,,,,,bulk,SF-Account-ID: 001Tr00000OXv6YIAT
Costco wholesale,,,,,bulk,SF-Account-ID: 0010J00001qKM3HQAW
The Heights Baptist,,,,,bulk,SF-Account-ID: 001Tr00000E1Mo3IAF
RedShelf,,,,,bulk,SF-Account-ID: 001Tr00000EaEilIAF
ARISE SCHOOL,,,,,bulk,SF-Account-ID: 001Tr00000EaNm3IAF
PM International,,,,,bulk,SF-Account-ID: 001Tr00000EZnieIAD
Carousel Pole Studio,,,,,bulk,SF-Account-ID: 001Tr00000FHga6IAD
BISALLOY Steel,,,,,bulk,SF-Account-ID: 001Tr00000FI573IAD
Clare Green Art,,,,,bulk,SF-Account-ID: 001Tr00000FHv7iIAD
Habemau AG,,,,,bulk,SF-Account-ID: 001Tr00000FObcAIAT
tommos pies,,,,,bulk,SF-Account-ID: 001Tr00000FeAL2IAN
Australian Bone Marrow Donor Registry,,,,,bulk,SF-Account-ID: 001Tr00000GqpGfIAJ
ABMDR,,,,,bulk,SF-Account-ID: 001Tr00000GBYTOIA5
BillieBooks,,,,,bulk,SF-Account-ID: 001Tr00000GbW4XIAV
Samba TV,,,,,bulk,SF-Account-ID: 0016M00002FeGxeQAF
EDS Clothing LLC,,,,,bulk,SF-Account-ID: 001Tr00000HPd2pIAD
KITHER HOMES PTY LTD.,,,,,bulk,SF-Account-ID: 001Tr00000HPlTPIA1
Long Island Game Farm Wildlife Park,,,,,bulk,SF-Account-ID: 001Tr00000IcrLvIAJ
Stephen Auker (TheManWithTheHat),,,,,bulk,SF-Account-ID: 001Tr00000OY7GcIAL
Tobias Leue (Bunker CatTV),,,,,bulk,SF-Account-ID: 001Tr00000LNblzIAD
Cornell University,,,,,bulk,SF-Account-ID: 001Tr00000J0mjHIAR
Anna Steinhardt Sängerin und Moderatorin,,,,,bulk,SF-Account-ID: 001Tr00000JDAHxIAP
Techniker Krankenasse,,,,,bulk,SF-Account-ID: 001Tr00000OXQVpIAP
Wildling Sailing,,,,,bulk,SF-Account-ID: 001Tr00000OYPW1IAP
AdventureFocus,,,,,bulk,SF-Account-ID: 001Tr00000LNUz1IAH
Nonnina,,,,,bulk,SF-Account-ID: 001Tr00000JOVMHIA5
Sokae,,,,,bulk,SF-Account-ID: 001Tr00000JLLsvIAH
Alex Ho,,,,,bulk,SF-Account-ID: 001Tr00000JOW73IAH
Ocean Chronicles,,,,,bulk,SF-Account-ID: 001Tr00000OY6LLIA1
David Swearengin,,,,,bulk,SF-Account-ID: 001Tr00000JU2MPIA1
Hellscythe German Creepypasta,,,,,bulk,SF-Account-ID: 001Tr00000LNmkdIAD
Dextro23,,,,,bulk,SF-Account-ID: 001Tr00000LNDXvIAP
BenMasterful,,,,,bulk,SF-Account-ID: 001Tr00000OY6tCIAT
Power Pallet,,,,,bulk,SF-Account-ID: 001Tr00000KLKUsIAP
Daniel Daya,,,,,bulk,SF-Account-ID: 001Tr00000KuWMhIAN
Access Lifestyle (Pvt) Ltd,,,,,bulk,SF-Account-ID: 001Tr00000LCwtvIAD
XTREME Airsoft Park,,,,,bulk,SF-Account-ID: 001Tr00000LDP2vIAH
Mecklenburger Kochbuben,,,,,bulk,SF-Account-ID: 001Tr00000OYHTfIAP
JCI Denmark,,,,,bulk,SF-Account-ID: 001Tr00000PN5yJIAT
WBS TRAINING SCHULEN gGmbH,,,,,bulk,SF-Account-ID: 001Tr00000LNqUtIAL
Ninestone Marketing,,,,,bulk,SF-Account-ID: 001Tr00000LYXtXIAX
Penke Heinze & Partner Rechtsanwälte mbB,,,,,bulk,SF-Account-ID: 001Tr00000RprUBIAZ
universite de sherbrooke,,,,,bulk,SF-Account-ID: 001Tr00000LmWCpIAN
"Best Rate Car & Truck Rental, Inc.",,,,,bulk,SF-Account-ID: 001Tr00000Lz4NZIAZ
Nessi's World,,,,,bulk,SF-Account-ID: 001Tr00000LoVEDIA3
Panik City Betriebs GmbH,,,,,bulk,SF-Account-ID: 001Tr00000N7eBZIAZ
Alina Wichmann,,,,,bulk,SF-Account-ID: 001Tr00000PU6MdIAL
KnebelDE (Patrick Görmer),,,,,bulk,SF-Account-ID: 001Tr00000OYSFOIA5
M.Arch Architects,,,,,bulk,SF-Account-ID: 001Tr00000MqDJ3IAN
HOMA vet clinic,,,,,bulk,SF-Account-ID: 001Tr00000MpOq4IAF
RIVALS LLC,,,,,bulk,SF-Account-ID: 001Tr00000NHJDvIAP
Tremcar USA,,,,,bulk,SF-Account-ID: 001Tr00000Nbm8VIAR
Four Rooms Mastermind,,,,,bulk,SF-Account-ID: 001Tr00000NbcKiIAJ
Saskatchewan Science Centre,,,,,bulk,SF-Account-ID: 001Tr00000PgVH8IAN
SADE Design,,,,,bulk,SF-Account-ID: 001Tr00000PNPMAIA5
Las Vegas IC,,,,,bulk,SF-Account-ID: 001Tr00000PIhT8IAL
Bellevue West High School,,,,,bulk,SF-Account-ID: 001Tr00000POhyNIAT
University Copy and Print,,,,,bulk,SF-Account-ID: 001Tr00000PcuPOIAZ
TU Wien,,,,,bulk,SF-Account-ID: 001Tr00000Pcr4xIAB
Youth Off The Streets,,,,,bulk,SF-Account-ID: 001Tr00000QZXOjIAP
gamma phi beta,,,,,bulk,SF-Account-ID: 001Tr00000Qf2QHIAZ
Motiv8 Style,,,,,bulk,SF-Account-ID: 001Tr00000Qohu5IAB
Gauntlet AI,,,,,bulk,SF-Account-ID: 001Tr00000R8fxjIAB
Scala Days,,,,,bulk,SF-Account-ID: 001Tr00000RvqS9IAJ
Dale Smith,,,,,bulk,SF-Account-ID: 001Tr00000S1CdKIAV
MCK Creative Solutions,,,,,bulk,SF-Account-ID: 001Tr00000SWGO6IAP
K&K Sports,,,,,bulk,SF-Account-ID: 001Tr00000SUpjJIAT
Chilimotion Racing GmbH,,,,,bulk,SF-Account-ID: 001Tr00000TJnqrIAD
Nikita Anastasiou,,,,,bulk,SF-Account-ID: 001Tr00000TrTHiIAN
Shmoopy Moonpie,,,,,bulk,SF-Account-ID: 0016M00002UbQpkQAF
VanDielingen,,,,,bulk,SF-Account-ID: 001Tr00000UdXkWIAV
Greensburg Salem Middle School,,,,,bulk,SF-Account-ID: 001Tr00000UuSunIAF
St. Peter Lutheran Church,,,,,bulk,SF-Account-ID: 0016M00002L0UOWQA3
Melbourne Uni Graduate Christian Union,,,,,bulk,SF-Account-ID: 001Tr00000VI63WIAT
Engineers Without Borders QUT (volunteer group),,,,,bulk,SF-Account-ID: 001Tr00000WeHHRIA3
Tobacco Store,,,,,bulk,SF-Account-ID: 001Tr00000Z0pklIAB
Gradient9 Studios,,,,,bulk,SF-Account-ID: 001Tr00000YNFSdIAP
Presidio Knolls School,,,,,bulk,SF-Account-ID: 001Tr00000Z187SIAR
Tim Hannen,,,,,bulk,
IKO Real Estate,,,,,bulk,
"Eastland Enterprises, Inc.",,,,,bulk,
Kinder- und Jugendballettschule im FEZ,,,,,bulk,
Jazwares,,,,,bulk,
Edgar Graß Speditions-GmbH & Co. KG,,,,,bulk,
RelyOn Nutec Germany,,,,,bulk,
Verein Jugend am Werk,,,,,bulk,
Adams Media,,,,,bulk,
"Berlin Fire Company, Inc.",,,,,bulk,
MSG Management- und Servicegesellschaft für soziale Einrichtungen mbH,,,,,bulk,
APLUS Markos Kolivas,,,,,bulk,
Deutsche Post DHL,,,,,bulk,
vence basket club,,,,,bulk,
Gemeinde Tuningen,,,,,bulk,
Cinemo GmbH,,,,,bulk,
"Typhoon Waterpark of Texas, LLC",,,,,bulk,
Pancreatic Cancer Ireland,,,,,bulk,
"Land of Lights, Inc.",,,,,bulk,
Infineon Technologies AG - Team PSS D,,,,,bulk,
Red Bull AG,,,,,bulk,
Trinity Indian Society,,,,,bulk,
Serafin Unternehmensgruppe GmbH,,,,,bulk,
connormcgregs,,,,,bulk,
SPIEGEL-Verlag Rudolf Augstein GmbH & Co. KG,,,,,bulk,
sprd.net,,,,,bulk,
Autoform Developement GmbH,,,,,bulk,
JuliaLang,,,,,bulk,
keins,,,,,bulk,
Terrawagen,,,,,bulk,
VR Bank eG Bergisch Gladbach-Leverkusen,,,,,bulk,
Hershey Entertainment & Resorts Company,,,,,bulk,
"Wild Island, Inc.",,,,,bulk,
Les Marcheurs Bleus,,,,,bulk,
Apption Labs GmbH,,,,,bulk,
MAJERSEYS Sweden,,,,,bulk,
Fandango Spa,,,,,bulk,
va High Performance Metals DIGITAL Solutions GmbH,,,,,bulk,
MENNEKES Elektrotechnik GmbH & Co. KG,,,,,bulk,
"Cody Go Karts, Inc.",,,,,bulk,
Beeindruckend.com,,,,,bulk,
"Walt Disney Parks and Resorts U.S., Inc.",,,,,bulk,
ComodorWear,,,,,bulk,
Joy In The Park,,,,,bulk,
Bumblebear Games LLC,,,,,bulk,
R+V Versicherung AG,,,,,bulk,
Just Spices GmbH,,,,,bulk,
Sparkasse Freiburg - Nördlicher Breisgau,,,,,bulk,
alltours flugreisen gmbh,,,,,bulk,
The Waters of Kapolei L L C,,,,,bulk,
La francaise de theatre,,,,,bulk,
Aero-Dienst GmbH,,,,,bulk,
Turnkind,,,,,bulk,
M.M.Warburg & CO (AG & Co.) KGaA,,,,,bulk,
Veeqo (an Amazon owned company),,,,,bulk,
ControlExpert GmbH,,,,,bulk,
Ev. Fachschule für Heilerziehungspflege,,,,,bulk,
Kentucky Kingdom Lllp,,,,,bulk,
DNV SE,,,,,bulk,
COGITANDA Dataprotect AG,,,,,bulk,
"General Attractions, LLC",,,,,bulk,
Andersonville Volunteer Fire,,,,,bulk,
Triple Play,,,,,bulk,
MEDILYS Laborgesellschaft mbH,,,,,bulk,
Garmin Deutschland GmbH,,,,,bulk,
Canico,,,,,bulk,
Stämpfli AG,,,,,bulk,
Tillotson,,,,,bulk,
Twdc Enterprises 18 Corp.,,,,,bulk,
Barossa Valley Chocolate Company,,,,,bulk,
Krantus,,,,,bulk,
BBH Consulting AG,,,,,bulk,
Imogen Dexter,,,,,bulk,
GfK GmbH,,,,,bulk,
TravelZoo,,,,,bulk,
BRITA,,,,,bulk,
Dorney Park LLC,,,,,bulk,
PONS Langenscheidt GmbH,,,,,bulk,
BayWa r.e. Solar Energy Systems GmbH,,,,,bulk,
ProSiebenSat.1 PULS 4 GmbH,,,,,bulk,
THW-Bundesvereinigung e.V.,,,,,bulk,
Trenkwalder Personaldienste GmbH,,,,,bulk,
PTV Planung Transport Verkehr GmbH,,,,,bulk,
Sparkasse Elbe-Elster,,,,,bulk,
Pharmamed Dienstleistung GmbH,,,,,bulk,
Cleanology,,,,,bulk,
S-Kreditpartner GmbH,,,,,bulk,
"Bannertown Volunteer Fire Department, Inc.",,,,,bulk,
Packwell GmbH,,,,,bulk,
Organisation d?une  fête de famille,,,,,bulk,
Münchener Hypothekenbank eG,,,,,bulk,
D-sektionen vid TLTH,,,,,bulk,
Innovative sports,,,,,bulk,
inovex GmbH,,,,,bulk,
Förderverein der Rosenschule Trossingen e.V.,,,,,bulk,
Bath Volunteer Fire Department,,,,,bulk,
EJMA,,,,,bulk,
Tanja Petrell (commercial name: PetrelliArt),,,,,bulk,
Hapag-Lloyd,,,,,bulk,
Rent A Center,,,,,bulk,
DAVASO - IQVIA Busines,,,,,bulk,
Gebrüder Woerle GesmbH,,,,,bulk,
Bonava AB,,,,,bulk,
WD 40 Company Limited,,,,,bulk,
Hello Pub,,,,,bulk,
Helly Hansen Deutschland GmbH,,,,,bulk,
Qiagen GmbH,,,,,bulk,
Elternbeirat Grundschule Baierbrunn,,,,,bulk,
"Kreis- und Stadtsparkasse Unna-Kamen, Zweckverbandssparkasse des Kreises Unna, der Kreisstadt Unna, der Stadt Kamen, der Stadt Fröndenberg und der Gemeinde Holzwickede",,,,,bulk,
BDE CHALON FORMATION,,,,,bulk,
Liomental ingrid palacios pla,,,,,bulk,
Parasol Island GmbH,,,,,bulk,
CX Festival,,,,,bulk,
Aalberts Surface Technologies GmbH,,,,,bulk,
mediaire GmbH,,,,,bulk,
Antioch Village Fire Dept Station 2,,,,,bulk,
Wild Warehouse GmbH,,,,,bulk,
FERCHAU GmbH,,,,,bulk,
ORGADATA AG,,,,,bulk,
dm-drogerie markt GmbH & Co. KG,,,,,bulk,
Legoland New York LLC,,,,,bulk,
Nissin Foods GmbH,,,,,bulk,
Bundeswehr,,,,,bulk,
Verein der Freunde und Förderer der Realschule Essen-Überruhr,,,,,bulk,
Sparda-Bank München eG,,,,,bulk,
Bürgerschützenverein Dörpen e.V.,,,,,bulk,
Snocks,,,,,bulk,
Vattenfall GmbH,,,,,bulk,
StartUp,,,,,bulk,
CarForce79 GbR,,,,,bulk,
Durham Central Park,,,,,bulk,
Deutsche Lufthansa AG,,,,,bulk,
flora-metaphorica Kunst aus echten Blüten,,,,,bulk,
DHL,,,,,bulk,
Coulter Motorsports,,,,,bulk,
Fun-Tastic Shows Inc,,,,,bulk,
"Asso étudiante ""Socialpmouv'04""",,,,,bulk,
SD Worx GmbH,,,,,bulk,
Stadtwerke Leipzig GmbH,,,,,bulk,
sprd.net AG,,,,,bulk,
Aumsville Rural Fire Protection District,,,,,bulk,
Komsa AG,,,,,bulk,
Andretti Thrill Park,,,,,bulk,
MONT D'ARBOIS LUXURY RESORT,,,,,bulk,
"C & B Music & Vending, Inc.",,,,,bulk,
Physioactivecare Basel GmbH,,,,,bulk,
Sixt GmbH & Co. Autovermietung KG,,,,,bulk,
Engine Berlin,,,,,bulk,
Pinterest,,,,,bulk,
Westfalen AG,,,,,bulk,
Lindt & Sprüngli (Schweiz) AG,,,,,bulk,
"Carolina Adventure World, LLC",,,,,bulk,
dasMinisterium.com,,,,,bulk,
Berge & Meer,,,,,bulk,
Volkswagen Group Services GmbH,,,,,bulk,
Vr1 Arcade,,,,,bulk,
Bum-Bum Turm Beseitigung,,,,,bulk,
"Fun 'n Stuff Amusements, Inc.",,,,,bulk,
Continental AG,,,,,bulk,
Commune de Plouhinec,,,,,bulk,
Südstärke GmbH,,,,,bulk,
Pavillon du fond,,,,,bulk,
CDU Sachsen,,,,,bulk,
Hsjshaixi,,,,,bulk,
Aon Austria GmbH,,,,,bulk,
Kuehne + Nagel (AG & Co.) KG,,,,,bulk,
v/Headheal.dk,,,,,bulk,
Wonderland Amusement Management LLC,,,,,bulk,
Deutsche Forschungszentrum für Künstliche Intelligenz (DFKI) GmbH,,,,,bulk,
Moss Motors,,,,,bulk,
Caoi,,,,,bulk,
C24 Kreditservice GmbH,,,,,bulk,
Yunex GmbH,,,,,bulk,
All Real Nutrition,,,,,bulk,
Bethel Township Fire Department Inc,,,,,bulk,
Garmin Würzburg GmbH,,,,,bulk,
The Bonfire,,,,,bulk,
ING-DiBa AG,,,,,bulk,
Prague Public Schools,,,,,bulk,
MMM Münchener Medizin Mechanik GmbH,,,,,bulk,
BAUHAUS,,,,,bulk,
Brainlab AG,,,,,bulk,
GS1 Germany GmbH,,,,,bulk,
Trinks GmbH,,,,,bulk,
Uptown Jungle Fun Park,,,,,bulk,
Paris Connect,,,,,bulk,
Original Wagner Pizza GmbH,,,,,bulk,
Coin Castle Amusements,,,,,bulk,
Belgium Cold Springs Fire Department,,,,,bulk,
"Délégation régionale académique à la jeunesse, à l'engagement et aux sports (Drajes)",,,,,bulk,
Lampe & Schwartze KG,,,,,bulk,
Worlds of Fun LLC,,,,,bulk,
Mercatis GmbH,,,,,bulk,
Linak GmbH,,,,,bulk,
Michael Russ,,,,,bulk,
Accenture,,,,,bulk,
"Family Kingdom, Inc.",,,,,bulk,
"Apex Parks Group, LLC",,,,,bulk,
Weissenhäuser Strand GmbH & Co. KG,,,,,bulk,
Soptim AG,,,,,bulk,
Linklaters LLP,,,,,bulk,
"Bain & Company Germany, Inc. Zweigniederlassung München",,,,,bulk,
Devis au nom de Zéro Exclusion Enérgétique- 203 rue de Bercy-75012 Paris.Ps : la livraison se fera à Clichy,,,,,bulk,
Association À Bras Ouverts,,,,,bulk,
Rivella AG,,,,,bulk,
The Bajas Inc,,,,,bulk,
Celeroton AG,,,,,bulk,
envia Mitteldeutsche Energie AG,,,,,bulk,
Merz Pharma Schweiz AG,,,,,bulk,
ABO Liebe OHG,,,,,bulk,
US Air Force - Ramstein AB Germany,,,,,bulk,
Schaeffler Digital Solutions GmbH,,,,,bulk,
Prestige Luxusuhren GmbH,,,,,bulk,
Heineken Switzerland AG,,,,,bulk,
ehorses GmbH & Co. KG,,,,,bulk,
mindsquare AG,,,,,bulk,
valantic GmbH,,,,,bulk,
SOLCOM GmbH,,,,,bulk,
Beachwood Volunteer Fire Company No 1,,,,,bulk,
"Atlantic Pier Amusements, Inc",,,,,bulk,
erdbär gmbh,,,,,bulk,
SYCOR GmbH,,,,,bulk,
Kinderklinik Garmisch-Partenkirchen gemeinnützige GmbH,,,,,bulk,
Kinderland Service GmbH,,,,,bulk,
Siemens AG,,,,,bulk,
Com-Tel,,,,,bulk,
Alamance County Rescue Squad Inc,,,,,bulk,
SAS Buvette du plan de l'Aiguille,,,,,bulk,
Elternbeirat Gertrud Bäumer Schule München,,,,,bulk,
Dansstudio Crescendo,,,,,bulk,
AFRY Deutschland GmbH,,,,,bulk,
GWHorsesnacks,,,,,bulk,
TRIPS GmbH,,,,,bulk,
Joboo!,,,,,bulk,
Volksbank Lahr eG,,,,,bulk,
Carlotta Films,,,,,bulk,
"Enchanted Forest, Inc.",,,,,bulk,
JOLUFOODS,,,,,bulk,
Empik S.A.,,,,,bulk,
Lebenshilfe Braunschweig gemeinnützige GmbH,,,,,bulk,
Alnatura Produktions- und Handels GmbH,,,,,bulk,
Deutsche Telekom MMS GmbH,,,,,bulk,
Ed.Züblin AG,,,,,bulk,
Satus Oberentfelden,,,,,bulk,
T-shirt Design Fashion,,,,,bulk,
Bifrost Agency,,,,,bulk,
MDL saint Joseph,,,,,bulk,
B. Metzler seel. Sohn & Co. AG,,,,,bulk,
Morwell east,,,,,bulk,
Serviscope AG,,,,,bulk,
Kieler Volksbank eG,,,,,bulk,
Oslo Paragliderklubb,,,,,bulk,
Brandenburgische Sportjugend e. V.,,,,,bulk,
Amazon Web Services,,,,,bulk,
Trianel GmbH,,,,,bulk,
Exaring AG,,,,,bulk,
Y´s-men Region Danmark,,,,,bulk,
Agence des transitions,,,,,bulk,
Stadtsparkasse Rheine,,,,,bulk,
Moll bauökologische Produkte GmbH,,,,,bulk,
CreditPlus Bank AG,,,,,bulk,
Heidelberg Pharma AG,,,,,bulk,
Cisco Systems GmbH,,,,,bulk,
Metzgerei Franz Weinbuch,,,,,bulk,
Österreichische Gesundheitskasse,,,,,bulk,
XkDC@LN9c8gV2Cy,,,,,bulk,
Urban Art Organization,,,,,bulk,
"Waterville Usa, Inc.",,,,,bulk,
CHU de Montpellier,,,,,bulk,
Krauth+Timmermann Rehatechnik GmbH & Co. KG,,,,,bulk,
Hypovereinsbank - UniCredit Bank,,,,,bulk,
Visable GmbH,,,,,bulk,
Freiwillige Feuerwehr Glasofen,,,,,bulk,
Yellow Stone Bear World,,,,,bulk,
HUK Coburg Dienstleistung GmbH,,,,,bulk,
TWINK Fashion Inh. Steven Mohlau,,,,,bulk,
Best Secret GmbH,,,,,bulk,
Commerzbank AG,,,,,bulk,
Hikvision France,,,,,bulk,
Gruyère Space Program,,,,,bulk,
IAG,,,,,bulk,
Lorch Schweißtechnik GmbH,,,,,bulk,
Dealfront Germany GmbH,,,,,bulk,
Bauer Xcel Media Deutschland KG,,,,,bulk,
Turnverein 1913 Schluttenbach e.V.,,,,,bulk,
Sonepar Suisse AG,,,,,bulk,
Art Hotel ANA Fleur G&S Hotelbetriebs GmbH,,,,,bulk,
Landesbank Baden-Württemberg,,,,,bulk,
goetzpartners Corporate Finance GmbH,,,,,bulk,
Flughafen Hannover-Langenhagen GmbH,,,,,bulk,
The friendly Witch,,,,,bulk,
Berry Knott's Farm LLC,,,,,bulk,
Eindruck e. K.,,,,,bulk,
Thomas Sabo GmbH & Co. KG,,,,,bulk,
Jean Racine,,,,,bulk,
Robert Bosch GmbH,,,,,bulk,
Emmi Langnau AG,,,,,bulk,
Sportjungend Rheinland-Pfalz,,,,,bulk,
Syntax Systems GmbH & Co. KG,,,,,bulk,
The Funplex,,,,,bulk,
Family Fun Center,,,,,bulk,
Association RIA,,,,,bulk,
Horváth AG,,,,,bulk,
STM ITALIA SRL,,,,,bulk,
celf calon,,,,,bulk,
Abas Software AG,,,,,bulk,
Wolf System GmbH,,,,,bulk,
"Universal City Development Partners, Ltd.",,,,,bulk,
schauinsland reisen,,,,,bulk,
El Pasapalo GmbH,,,,,bulk,
The Natural waffle cone ice cream parlour,,,,,bulk,
all thangs,,,,,bulk,
Arcade City,,,,,bulk,
SUXXEED Sales for Your Success GmbH,,,,,bulk,
MONO,,,,,bulk,
Vigilance,,,,,bulk,
AmRest,,,,,bulk,
ANEX Tour GmbH,,,,,bulk,
Eurobodalla Outrigger Canoe Club,,,,,bulk,
Dell GmbH,,,,,bulk,
Ernestine Barrett,,,,,bulk,
"Legoland California, LLC",,,,,bulk,
Geti Wilba GmbH,,,,,bulk,
Mabanaft GmbH & Co. KG,,,,,bulk,
Berlin Twp. Fire Department,,,,,bulk,
ALPLA,,,,,bulk,
Skischule Mittelberg-Tobel GmbH (Bödmen Grund),,,,,bulk,
Cliff's Amusement Park Inc,,,,,bulk,
BadenCampus GmbH & Co. KG,,,,,bulk,
NTT DATA Deutschland GmbH,,,,,bulk,
apo.com Group,,,,,bulk,
"McKinsey & Company, Inc.",,,,,bulk,
"Yu Kids Island, LLC",,,,,bulk,
Dedalus HealthCare GmbH,,,,,bulk,
Adams County Fire Protection District,,,,,bulk,
GE HealthCare,,,,,bulk,
38.5 AGENTUR.STUDIOS KG,,,,,bulk,
ed. züblin ag,,,,,bulk,
Cedar Point Park LLC,,,,,bulk,
Wenatchee River Institute,,,,,bulk,
dm-drogerie markt,,,,,bulk,
Ministerio Remanente Fiel Perris,,,,,bulk,
Amaury Sport Organisation,,,,,bulk,
Parfümerie Douglas GmbH,,,,,bulk,
thyssenkrupp Automation Engineering GmbH & Co. KG,,,,,bulk,
Latia Shaffer,,,,,bulk,
GSM Training & Integration GmbH,,,,,bulk,
Bath Twp Fire Dept,,,,,bulk,
Köster GmbH,,,,,bulk,
L.Schaible GmbH & Co. KG,,,,,bulk,
pro futura GmbH,,,,,bulk,
"Spartan Adventure Park, LLC",,,,,bulk,
Mairie d'Aulnay-sous-Bois,,,,,bulk,
Autobahn Tank & Rast GmbH & Co. KG,,,,,bulk,
Reaxx,,,,,bulk,
Venus Cow,,,,,bulk,
Connect Zofingen,,,,,bulk,
Babble GmbH,,,,,bulk,
Discount Roof,,,,,bulk,
Advance Volunteer Fire Department Inc.,,,,,bulk,
Bergstuderendes forening,,,,,bulk,
Berlin Hyp AG,,,,,bulk,
Avoca Volunteer Fire Department,,,,,bulk,
CSS AG,,,,,bulk,
Junge Union Bayern,,,,,bulk,
The Practice Center Inc,,,,,bulk,
Rheinkraft International GmbH,,,,,bulk,
Vogel Communications Group GmbH & Co. KG,,,,,bulk,
Raiffeisen Waren-Zentrale Rhein-Main AG,,,,,bulk,
ghg good healthcare GmbH,,,,,bulk,
SAP,,,,,bulk,
Les Saisons,,,,,bulk,
MSA FRANCHE COMTE,,,,,bulk,
Citia,,,,,bulk,
HEAD Switzerland AG,,,,,bulk,
AXA Konzern AG,,,,,bulk,
CyberForum e.V.,,,,,bulk,
SCJ Berlin e.V.,,,,,bulk,
Comramo AG,,,,,bulk,
"Yanaco, Inc.",,,,,bulk,
jobvalley,,,,,bulk,
"A.L.M. Sports, LLC",,,,,bulk,
August Faller GmbH & Co. KG,,,,,bulk,
Studio M Fit,,,,,bulk,
Careerteam GmbH,,,,,bulk,
Centre UNESCO ICIREWARD,,,,,bulk,
BMWNC,,,,,bulk,
Fachhochschule Münster,,,,,bulk,
Jugendbewegung Staudach-Egerndach e.V.,,,,,bulk,
PROTEKTORWERK Florenz Maisch GmbH & Co. KG,,,,,bulk,
DJAK,,,,,bulk,
Bauking GmbH,,,,,bulk,
Kessler-Handorn,,,,,bulk,
Bedford Village Fire District,,,,,bulk,
RWE Power AG,,,,,bulk,
Swatch AG,,,,,bulk,
Acumant,,,,,bulk,
Yuri & Neil,,,,,bulk,
MIROS AS,,,,,bulk,
ESCP Europe Wirtschaftshochschule Berlin e. V.,,,,,bulk,
Grundschule an der Schwanthalerstr. (München),,,,,bulk,
Bärenherz Stiftung,,,,,bulk,
imbus AG,,,,,bulk,
Beiersdorf Shared Services GmbH,,,,,bulk,
ETL Business Services GmbH,,,,,bulk,
RWE Offshore Wind GmbH,,,,,bulk,
FERRERO MSC GmbH,,,,,bulk,
Kennywood Refreshment CO,,,,,bulk,
ÖSB Gruppe Management GmbH,,,,,bulk,
Bargersville Community Fire Protection District,,,,,bulk,
Kairion GmbH,,,,,bulk,
Wander Wein Welt,,,,,bulk,
Pakwad,,,,,bulk,
EGS Sécurité SA,,,,,bulk,
LILLYDOO GmbH,,,,,bulk,
Mataracan GmbH,,,,,bulk,
Fundacja Polskiedzieci.org,,,,,bulk,
RIVET,,,,,bulk,
Volkssolidarität,,,,,bulk,
Belong To,,,,,bulk,
Bromma KFUM,,,,,bulk,
"VARIUS SPÓ?KA CYWILNA- PATRYCJA SWAD?BA, AGNIESZKA",,,,,bulk,
Musevent,,,,,bulk,
ALDI SUISSE,,,,,bulk,
LOWA Sport­schuhe GmbH,,,,,bulk,
Chabad International,,,,,bulk,
UCD,,,,,bulk,
Vida Libre e.V,,,,,bulk,
Austin County Emergency Services District No. 2,,,,,bulk,
Vossloh-Schwabe Deutschland GmbH,,,,,bulk,
Arnolds Family Fun Center,,,,,bulk,
allnatura Vertriebs GmbH & Co. KG,,,,,bulk,
Giesecke & Devrient GmbH,,,,,bulk,
alltours,,,,,bulk,
Fundacja Rodziny Staraków,,,,,bulk,
Luxe Gummies,,,,,bulk,
DACHSER SE Logistikzentrum Leipzig/Halle,,,,,bulk,
GLOBUS Handelshof GmbH & Co.KG,,,,,bulk,
AllStar Wichita,,,,,bulk,
RTL News GmbH,,,,,bulk,
VECTOR SOLUTIONS,,,,,bulk,
VAJONA,,,,,bulk,
Mairie Draveil 91210,,,,,bulk,
Contec Gesellschaft für Organisationsentwicklung mbH.,,,,,bulk,
Johanniter Landesverband Sachsen,,,,,bulk,
THE WALK,,,,,bulk,
Grumpy Monkey,,,,,bulk,
Whitings Games,,,,,bulk,
SMILE Mouvement,,,,,bulk,
Four Music Productions GmbH,,,,,bulk,
Studio 8:1 Dance Company,,,,,bulk,
univativ GmbH & Co. KG,,,,,bulk,
"Storybook Island, Inc.",,,,,bulk,
zeb/rolfes.schierenbeck.associates gmbh,,,,,bulk,
Hillbilly Hollar Corporation,,,,,bulk,
IAV GmbH Ingenieurgesellschaft Auto und Verkehr,,,,,bulk,
ALD Automotive Fuhrparkmanagement und Leasing GmbH,,,,,bulk,
Pearl Promotion GmbH  Co.KG,,,,,bulk,
Haunted Attraction Owner / Operator,,,,,bulk,
Google Germany GmbH,,,,,bulk,
Industrieanlagen- Betriebsgesellschaft mbH,,,,,bulk,
Rowan Veterinary Centre,,,,,bulk,
color run 2025,,,,,bulk,
"Family Fun Centers, Tukwila LLC",,,,,bulk,
SHAMAN-LABS,,,,,bulk,
Steinäcker-Schule,,,,,bulk,
INFORM - Institut für Operations Research und Management GmbH,,,,,bulk,
Abubakar,,,,,bulk,
Cicatrice,,,,,bulk,
Detailverliebt Design Studio,,,,,bulk,
Miniatur Wunderland Hamburg GmbH,,,,,bulk,
Partner EU 1016311,,,,,bulk,SF-Deal-ID: 0062000000H4oBIAAZ | Partner-ID: 1016311
Partner EU 111448977,,,,,bulk,SF-Deal-ID: 0062000000j5MAXAA2 | Partner-ID: 111448977
Partner EU 111629852,,,,,bulk,SF-Deal-ID: 0062000000j5yGaAAI | Partner-ID: 111629852
Partner EU 112066957,,,,,bulk,SF-Deal-ID: 0062000000jXmeYAAS | Partner-ID: 112066957
Partner EU 112400039,,,,,bulk,SF-Deal-ID: 0062000000lZd7oAAC | Partner-ID: 112400039
Partner EU 112436426,,,,,bulk,SF-Deal-ID: 0060J00000mtgDeQAI | Partner-ID: 112436426
Partner EU 1168619,,,,,bulk,SF-Deal-ID: 0062000000H4o10AAB | Partner-ID: 1168619
Partner EU 1205654,,,,,bulk,SF-Deal-ID: 0062000000H4oCQAAZ | Partner-ID: 1205654
Partner EU 1210226,,,,,bulk,SF-Deal-ID: 0062000000H4oJKAAZ | Partner-ID: 1210226
Partner EU 1409603,,,,,bulk,SF-Deal-ID: 0062000000H4oBRAAZ | Partner-ID: 1409603
Partner EU 1474886,,,,,bulk,SF-Deal-ID: 0062000000H4o4eAAB | Partner-ID: 1474886
Partner EU 1490478,,,,,bulk,SF-Deal-ID: 0062000000H4oFHAAZ | Partner-ID: 1490478
Partner EU 149141,,,,,bulk,SF-Deal-ID: 0062000000H4oGAAAZ | Partner-ID: 149141
Partner EU 1519501,,,,,bulk,SF-Deal-ID: 0062000000H4o6fAAB | Partner-ID: 1519501
Partner EU 162276,,,,,bulk,SF-Deal-ID: 0062000000H4o0OAAR | Partner-ID: 162276
Partner EU 1689745,,,,,bulk,SF-Deal-ID: 0062000000H4oFvAAJ | Partner-ID: 1689745
Partner EU 1751551,,,,,bulk,SF-Deal-ID: 0062000000H4oBrAAJ | Partner-ID: 1751551
Partner EU 1800238,,,,,bulk,SF-Deal-ID: 0062000000H4oGEAAZ | Partner-ID: 1800238
Partner EU 1828297,,,,,bulk,SF-Deal-ID: 0062000000kOGPvAAO | Partner-ID: 1828297
Partner EU 1853315,,,,,bulk,SF-Deal-ID: 0062000000H4oHjAAJ | Partner-ID: 1853315
Partner EU 1943497,,,,,bulk,SF-Deal-ID: 0062000000IbCfJAAV | Partner-ID: 1943497
Partner EU 199996,,,,,bulk,SF-Deal-ID: 0062000000HieF9AAJ | Partner-ID: 199996
Partner EU 204856,,,,,bulk,SF-Deal-ID: 0062000000H4o02AAB | Partner-ID: 204856
Partner EU 2105644,,,,,bulk,SF-Deal-ID: 0062000000LB0nqAAD | Partner-ID: 2105644
Partner EU 2117448,,,,,bulk,SF-Deal-ID: 0062000000H4o9kAAB | Partner-ID: 2117448
Partner EU 2128038,,,,,bulk,SF-Deal-ID: 0062000000Qu8wIAAR | Partner-ID: 2128038
Partner EU 2134897,,,,,bulk,SF-Deal-ID: 0062000000cx5ldAAA | Partner-ID: 2134897
Partner SF 00620000,,,,,bulk,SF-Deal-ID: 0062000000H4oATAAZ | Partner-ID: 00620000
Partner EU 2241075,,,,,bulk,SF-Deal-ID: 0062000000H4oBfAAJ | Partner-ID: 2241075
Partner EU 2286205,,,,,bulk,SF-Deal-ID: 0062000000H4oBWAAZ | Partner-ID: 2286205
Partner EU 230296,,,,,bulk,SF-Deal-ID: 0062000000H4o2SAAR | Partner-ID: 230296
Partner EU 2421351,,,,,bulk,SF-Deal-ID: 0062000000H4oERAAZ | Partner-ID: 2421351
Partner EU 2426667,,,,,bulk,SF-Deal-ID: 0062000000WKev1AAD | Partner-ID: 2426667
Partner EU 2513874,,,,,bulk,SF-Deal-ID: 0062000000eqG9YAAU | Partner-ID: 2513874
Partner EU 2517734,,,,,bulk,SF-Deal-ID: 0062000000HjXj0AAF | Partner-ID: 2517734
Partner EU 2584096,,,,,bulk,SF-Deal-ID: 0062000000H4oJRAAZ | Partner-ID: 2584096
Partner EU 264158,,,,,bulk,SF-Deal-ID: 0062000000H4o17AAB | Partner-ID: 264158
Partner EU 2738804,,,,,bulk,SF-Deal-ID: 0062000000H4oGmAAJ | Partner-ID: 2738804
Partner EU 2752202,,,,,bulk,SF-Deal-ID: 0062000000H4oKmAAJ | Partner-ID: 2752202
Partner EU 2788547,,,,,bulk,SF-Deal-ID: 0062000000H4oKtAAJ | Partner-ID: 2788547
Partner EU 2866244,,,,,bulk,SF-Deal-ID: 0062000000KFLJjAAP | Partner-ID: 2866244
Partner NA 1124524,,,,,bulk,SF-Deal-ID: 0062000000fFVLzAAO | Partner-ID: 1124524
Partner EU 2930607,,,,,bulk,SF-Deal-ID: 0062000000H4oLFAAZ | Partner-ID: 2930607
Partner EU 2944439,,,,,bulk,SF-Deal-ID: 0062000000H4oKDAAZ | Partner-ID: 2944439
Partner EU 3068373,,,,,bulk,SF-Deal-ID: 0062000000LCsZlAAL | Partner-ID: 3068373
Partner EU 3187834,,,,,bulk,SF-Deal-ID: 0062000000HjhwmAAB | Partner-ID: 3187834
Partner EU 3346198,,,,,bulk,SF-Deal-ID: 0062000000VgyRGAAZ | Partner-ID: 3346198
Partner EU 3392922,,,,,bulk,SF-Deal-ID: 0062000000JROtvAAH | Partner-ID: 3392922
Partner EU 355278,,,,,bulk,SF-Deal-ID: 0062000000H4nzuAAB | Partner-ID: 355278
Partner EU 3615667,,,,,bulk,SF-Deal-ID: 0062000000IeIyWAAV | Partner-ID: 3615667
Partner EU 3643598,,,,,bulk,SF-Deal-ID: 0062000000IeF2lAAF | Partner-ID: 3643598
Partner EU 3695708,,,,,bulk,SF-Deal-ID: 0062000000PQHkIAAX | Partner-ID: 3695708
Partner EU 3769293,,,,,bulk,SF-Deal-ID: 0062000000QQi97AAD | Partner-ID: 3769293
Partner EU 3859849,,,,,bulk,SF-Deal-ID: 0062000000NGOWoAAP | Partner-ID: 3859849
Partner EU 3863248,,,,,bulk,SF-Deal-ID: 0062000000KGO2eAAH | Partner-ID: 3863248
Partner EU 4043504,,,,,bulk,SF-Deal-ID: 0062000000KHJoKAAX | Partner-ID: 4043504
Partner EU 4048514,,,,,bulk,SF-Deal-ID: 0062000000UsvCdAAJ | Partner-ID: 4048514
Partner EU 413936,,,,,bulk,SF-Deal-ID: 0062000000H4oJIAAZ | Partner-ID: 413936
Partner EU 41985,,,,,bulk,SF-Deal-ID: 0062000000H4o47AAB | Partner-ID: 41985
Partner EU 4242865,,,,,bulk,SF-Deal-ID: 0062000000MSld8AAD | Partner-ID: 4242865
Partner EU 4257051,,,,,bulk,SF-Deal-ID: 0062000000M2p3yAAB | Partner-ID: 4257051
Partner EU 4390429,,,,,bulk,SF-Deal-ID: 0062000000NG9bZAAT | Partner-ID: 4390429
Partner NA 5358,,,,,bulk,SF-Deal-ID: 0062000000H4o6SAAR | Partner-ID: 5358
Partner NA 2212856,,,,,bulk,SF-Deal-ID: 0062000000NK7XZAA1 | Partner-ID: 2212856
Partner EU 4803586,,,,,bulk,SF-Deal-ID: 0062000000Vh1tBAAR | Partner-ID: 4803586
Partner EU 4963223,,,,,bulk,SF-Deal-ID: 0062000000Tw7brAAB | Partner-ID: 4963223
Partner EU 4995581,,,,,bulk,SF-Deal-ID: 0062000000M3LD0AAN | Partner-ID: 4995581
Partner EU 5075169,,,,,bulk,SF-Deal-ID: 0062000000QOIYhAAP | Partner-ID: 5075169
Partner EU 5234434,,,,,bulk,SF-Deal-ID: 0062000000QPWW0AAP | Partner-ID: 5234434
Partner EU 5324411,,,,,bulk,SF-Deal-ID: 0062000000S1qBeAAJ | Partner-ID: 5324411
Partner EU 5365937,,,,,bulk,SF-Deal-ID: 0062000000QPuXWAA1 | Partner-ID: 5365937
Partner EU 569505,,,,,bulk,SF-Deal-ID: 0062000000KE9NaAAL | Partner-ID: 569505
Partner EU 5716224,,,,,bulk,SF-Deal-ID: 0062000000Ur1yAAAR | Partner-ID: 5716224
Partner EU 5806515,,,,,bulk,SF-Deal-ID: 0062000000Su5xDAAR | Partner-ID: 5806515
Partner EU 58892,,,,,bulk,SF-Deal-ID: 0062000000H4o79AAB | Partner-ID: 58892
Partner EU 5995801,,,,,bulk,SF-Deal-ID: 0062000000TuhuvAAB | Partner-ID: 5995801
Partner EU 607247,,,,,bulk,SF-Deal-ID: 0062000000H4oE8AAJ | Partner-ID: 607247
Partner EU 610256,,,,,bulk,SF-Deal-ID: 0062000000HkPakAAF | Partner-ID: 610256
Partner EU 618065,,,,,bulk,SF-Deal-ID: 0062000000H4oFUAAZ | Partner-ID: 618065
Partner EU 6221287,,,,,bulk,SF-Deal-ID: 0062000000Ur3OlAAJ | Partner-ID: 6221287
Partner EU 6306361,,,,,bulk,SF-Deal-ID: 0062000000Vh0HTAAZ | Partner-ID: 6306361
Partner EU 6805618,,,,,bulk,SF-Deal-ID: 0062000000WLLBNAA5 | Partner-ID: 6805618
Partner EU 7159671,,,,,bulk,SF-Deal-ID: 0062000000XGCInAAP | Partner-ID: 7159671
Partner EU 730507,,,,,bulk,SF-Deal-ID: 0062000000HkPSCAA3 | Partner-ID: 730507
Partner EU 7669575,,,,,bulk,SF-Deal-ID: 0062000000j5P8VAAU | Partner-ID: 7669575
Partner NA 307992,,,,,bulk,SF-Deal-ID: 0062000000H4o1nAAB | Partner-ID: 307992
Partner EU 8121038,,,,,bulk,SF-Deal-ID: 0062000000aaqttAAA | Partner-ID: 8121038
Partner EU 827294,,,,,bulk,SF-Deal-ID: 0062000000H4oDuAAJ | Partner-ID: 827294
Partner EU 8552367,,,,,bulk,SF-Deal-ID: 0062000000lDW6UAAW | Partner-ID: 8552367
Partner EU 865287,,,,,bulk,SF-Deal-ID: 0062000000H4o3IAAR | Partner-ID: 865287
Partner EU 870148,,,,,bulk,SF-Deal-ID: 0062000000IcsMWAAZ | Partner-ID: 870148
Partner EU 909007,,,,,bulk,SF-Deal-ID: 0062000000H4o57AAB | Partner-ID: 909007
Partner EU 952523,,,,,bulk,SF-Deal-ID: 0062000000H4o5iAAB | Partner-ID: 952523
Partner EU 968121,,,,,bulk,SF-Deal-ID: 0062000000H4o4vAAB | Partner-ID: 968121
Partner EU 114218675,,,,,bulk,SF-Deal-ID: 0060J00000pXq6QQAS | Partner-ID: 114218675
Partner EU 114551458,,,,,bulk,SF-Deal-ID: 0060J00000qZ1qsQAC | Partner-ID: 114551458
Partner EU 1081163,,,,,bulk,SF-Deal-ID: 0062000000H4nzTAAR | Partner-ID: 1081163
Partner EU 112360333,,,,,bulk,SF-Deal-ID: 0062000000kNt8uAAC | Partner-ID: 112360333
Partner EU 149826,,,,,bulk,SF-Deal-ID: 0062000000H4nzHAAR | Partner-ID: 149826
Partner EU 17343,,,,,bulk,SF-Deal-ID: 0062000000H4o1sAAB | Partner-ID: 17343
Partner EU 1745484,,,,,bulk,SF-Deal-ID: 0062000000lZGTNAA4 | Partner-ID: 1745484
Partner EU 2492846,,,,,bulk,SF-Deal-ID: 0062000000H4oMEAAZ | Partner-ID: 2492846
Partner EU 2754606,,,,,bulk,SF-Deal-ID: 0062000000H4oHlAAJ | Partner-ID: 2754606
Partner EU 3184022,,,,,bulk,SF-Deal-ID: 0062000000H4oMiAAJ | Partner-ID: 3184022
Partner EU 3271296,,,,,bulk,SF-Deal-ID: 0062000000H4oN8AAJ | Partner-ID: 3271296
Partner EU 3399266,,,,,bulk,SF-Deal-ID: 0062000000LCrxSAAT | Partner-ID: 3399266
Partner EU 3619018,,,,,bulk,SF-Deal-ID: 0062000000KHKI6AAP | Partner-ID: 3619018
Partner EU 3748321,,,,,bulk,SF-Deal-ID: 0062000000Qu3mpAAB | Partner-ID: 3748321
Partner EU 3856872,,,,,bulk,SF-Deal-ID: 0062000000KFvYiAAL | Partner-ID: 3856872
Partner EU 4246043,,,,,bulk,SF-Deal-ID: 0062000000MY36KAAT | Partner-ID: 4246043
Partner EU 4341045,,,,,bulk,SF-Deal-ID: 0062000000NJ9uJAAT | Partner-ID: 4341045
Partner EU 4390908,,,,,bulk,SF-Deal-ID: 0062000000NHTPIAA5 | Partner-ID: 4390908
Partner EU 4460304,,,,,bulk,SF-Deal-ID: 0062000000NJPDVAA5 | Partner-ID: 4460304
Partner EU 4685935,,,,,bulk,SF-Deal-ID: 0062000000XERpRAAX | Partner-ID: 4685935
Partner EU 4767291,,,,,bulk,SF-Deal-ID: 0062000000OO85JAAT | Partner-ID: 4767291
Partner EU 59525,,,,,bulk,SF-Deal-ID: 0062000000H4oIxAAJ | Partner-ID: 59525
Partner EU 6733314,,,,,bulk,SF-Deal-ID: 0062000000WLFTvAAP | Partner-ID: 6733314
Partner EU 1476677,,,,,bulk,SF-Deal-ID: 0062000000H4o9WAAR | Partner-ID: 1476677
Partner EU 2480545,,,,,bulk,SF-Deal-ID: 0062000000H4oDdAAJ | Partner-ID: 2480545
Partner EU 2584445,,,,,bulk,SF-Deal-ID: 0062000000LApCKAA1 | Partner-ID: 2584445
Partner EU 3530447,,,,,bulk,SF-Deal-ID: 0062000000JRKOyAAP | Partner-ID: 3530447
Partner EU 3660953,,,,,bulk,SF-Deal-ID: 0062000000JRs1hAAD | Partner-ID: 3660953
Partner EU 3859859,,,,,bulk,SF-Deal-ID: 0062000000KFQ4WAAX | Partner-ID: 3859859
Partner EU 533726,,,,,bulk,SF-Deal-ID: 0062000000H4o4NAAR | Partner-ID: 533726
Partner EU 615031,,,,,bulk,SF-Deal-ID: 0062000000H4oDcAAJ | Partner-ID: 615031
Partner EU 8522415,,,,,bulk,SF-Deal-ID: 0062000000dRlEzAAK | Partner-ID: 8522415
Partner EU 111667442,,,,,bulk,SF-Deal-ID: 0062000000iEva0AAC | Partner-ID: 111667442
Partner EU 2736118,,,,,bulk,SF-Deal-ID: 0062000000H4oITAAZ | Partner-ID: 2736118
Partner EU 2879495,,,,,bulk,SF-Deal-ID: 0062000000H4oIQAAZ | Partner-ID: 2879495
Partner EU 3318288,,,,,bulk,SF-Deal-ID: 0062000000H4oNVAAZ | Partner-ID: 3318288
Partner EU 3798282,,,,,bulk,SF-Deal-ID: 0062000000KF2PwAAL | Partner-ID: 3798282
Partner EU 4368161,,,,,bulk,SF-Deal-ID: 0062000000MZZznAAH | Partner-ID: 4368161
Partner EU 6287137,,,,,bulk,SF-Deal-ID: 0062000000ioaLDAAY | Partner-ID: 6287137
Partner EU 3547674,,,,,bulk,SF-Deal-ID: 0062000000HlOExAAN | Partner-ID: 3547674
Partner EU 3654813,,,,,bulk,SF-Deal-ID: 0062000000Ie2jZAAR | Partner-ID: 3654813
Partner EU 935472,,,,,bulk,SF-Deal-ID: 0062000000KFkEgAAL | Partner-ID: 935472
Partner EU 113824426,,,,,bulk,SF-Deal-ID: 0060J00000pNXdzQAG | Partner-ID: 113824426
Partner EU 114783773,,,,,bulk,SF-Deal-ID: 0060J00000pNbpQQAS | Partner-ID: 114783773
Partner EU 113013086,,,,,bulk,SF-Deal-ID: 0060J00000s6dTLQAY | Partner-ID: 113013086
Partner EU 8296862,,,,,bulk,SF-Deal-ID: 0060J00000sWyZcQAK | Partner-ID: 8296862
Partner SF 0060J000,,,,,bulk,SF-Deal-ID: 0060J00000rebuMQAQ | Partner-ID: 0060J000
Partner EU 4638562,,,,,bulk,SF-Deal-ID: 0062000000OLVC2AAP | Partner-ID: 4638562
Partner EU 114355883,,,,,bulk,SF-Deal-ID: 0060J00000rEvgJQAS | Partner-ID: 114355883
Partner EU 112666367,,,,,bulk,SF-Deal-ID: 0060J00000vwAOfQAM | Partner-ID: 112666367
Partner EU 114806078,,,,,bulk,SF-Deal-ID: 0060J00000qbQoxQAE | Partner-ID: 114806078
Partner EU 4867655,,,,,bulk,SF-Deal-ID: 0062000000ONUisAAH | Partner-ID: 4867655
Partner EU 115207109,,,,,bulk,SF-Deal-ID: 0060J00000pPKKcQAO | Partner-ID: 115207109
Partner EU 115897297,,,,,bulk,SF-Deal-ID: 0060J00000txGEpQAM | Partner-ID: 115897297
Partner EU 7617529,,,,,bulk,SF-Deal-ID: 0062000000WL87DAAT | Partner-ID: 7617529
Partner EU 116884843,,,,,bulk,SF-Deal-ID: 0060J00000vdb9oQAA | Partner-ID: 116884843
Partner EU 117226995,,,,,bulk,SF-Deal-ID: 0060J00000wcBDMQA2 | Partner-ID: 117226995
Partner EU 114011202,,,,,bulk,SF-Deal-ID: 0060J00000yFL37QAG | Partner-ID: 114011202
Partner EU 8607458,,,,,bulk,SF-Deal-ID: 0062000000fJrCZAA0 | Partner-ID: 8607458
Partner EU 8211553,,,,,bulk,SF-Deal-ID: 0062000000WNgVLAA1 | Partner-ID: 8211553
Partner EU 119268511,,,,,bulk,SF-Deal-ID: 0060J00001181NPQAY | Partner-ID: 119268511
Partner EU 3487743,,,,,bulk,SF-Deal-ID: 0060J000011fbSlQAI | Partner-ID: 3487743
Partner EU 113921538,,,,,bulk,SF-Deal-ID: 0060J00000odTLOQA2 | Partner-ID: 113921538
Partner EU 3057684,,,,,bulk,SF-Deal-ID: 0062000000H4oNLAAZ | Partner-ID: 3057684
Partner EU 116066848,,,,,bulk,SF-Deal-ID: 0066M000011iNv4QAE | Partner-ID: 116066848
Partner EU 113821813,,,,,bulk,SF-Deal-ID: 0060J00000lfzNWQAY | Partner-ID: 113821813
Partner EU 112653327,,,,,bulk,SF-Deal-ID: 0066M000011j5MaQAI | Partner-ID: 112653327
Partner EU 7219537,,,,,bulk,SF-Deal-ID: 0062000000lGJJTAA4 | Partner-ID: 7219537
Partner SF 0066M000,,,,,bulk,SF-Deal-ID: 0066M00001CKMCpQAP | Partner-ID: 0066M000
Partner EU 128305581,,,,,bulk,SF-Deal-ID: 0066M00001Fj1dwQAB | Partner-ID: 128305581
Blackscarfafc,,,,,bulk,SF-Opp: 0062000000UqIrtAAF | Partner-EU: 4234327 | Region: EU
Nueva Films,,,,,bulk,SF-Opp: 0062000000WNDPAAA5 | Partner-EU: 5554519 | Partner-NA: 4067124 | Region: EU+NA
VenturianTale,,,,,bulk,SF-Opp: 0062000000WOV4KAAX | Partner-EU: 7099633 | Partner-NA: 3961271 | Region: EU+NA
Karen Addison Associates / Thelwell,,,,,bulk,SF-Opp: 0062000000aAsE5AAK | Partner-EU: 8315424 | Partner-NA: 5287531 | Region: EU+NA
Janosch film & medien AG,,,,,bulk,SF-Opp: 0062000000cAfa9AAC | Partner-EU: 8443384 | Region: EU
Totally Awesome Fishing,,,,,bulk,SF-Opp: 0062000000dSt4XAAS | Partner-NA: 5456856 | Region: NA
Threema,,,,,bulk,SF-Opp: 0062000000g1kguAAA | Partner-EU: 8556362 | Region: EU
Blackmill,,,,,bulk,SF-Opp: 0062000000SvdMiAAJ | Partner-EU: 5581642 | Region: EU
Travian Games,,,,,bulk,SF-Opp: 0062000000eG8D6AAK | Partner-EU: 8553519 | Region: EU
STARPATROL Entertainment / Dodokay,,,,,bulk,SF-Opp: 0062000000cnRCIAA2 | Partner-EU: 112047824 | Region: EU
Kristoffer Clausen,,,,,bulk,SF-Opp: 0062000000Tvb7kAAB | Partner-EU: 6006548 | Region: EU
Swemix Aktiebolag,,,,,bulk,SF-Opp: 0062000000VgsQBAAZ | Partner-EU: 6654113 | Region: EU
Trikk17,,,,,bulk,SF-Opp: 0060J0000117fLJQAY | Partner-EU: 118276555 | Region: EU
Edel Germany GmbH - Wunderwelt,,,,,bulk,SF-Opp: 0060J00000o2tKTQAY | Partner-EU: 111741861 | Region: EU
VDBrands GmbH,,,,,bulk,SF-Opp: 0060J0000116gNYQAY | Partner-EU: 119387066 | Region: EU
ZDF Enterprises GmbH,,,,,bulk,SF-Opp: 0060J00000lfzIbQAI | Partner-EU: 113739089 | Region: EU
