Name,Account Name,Amount,Probability,CloseDate,Description
Partner EU 1016311,Partner EU 1016311,208182.22,100,2024-02-29,SF-Opp: 0062000000H4oBIAAZ | Partner-EU: 1016311 | Region: EU
Partner EU 111448977,Partner EU 111448977,2468.83,100,2023-12-31,SF-Opp: 0062000000j5MAXAA2 | Partner-EU: 111448977 | Region: EU
Partner EU 111629852,Partner EU 111629852,7714799.09,100,2024-02-29,SF-Opp: 0062000000j5yGaAAI | Partner-EU: 111629852 | Region: EU
Partner EU 112066957,Partner EU 112066957,3819.62,100,2024-02-29,SF-Opp: 0062000000jXmeYAAS | Partner-EU: 112066957 | Region: EU
Partner EU 112400039,Partner EU 112400039,514743.36,100,2024-02-29,SF-Opp: 0062000000lZd7oAAC | Partner-EU: 112400039 | Region: EU
Partner EU 112436426,Partner EU 112436426,131444.15,100,2024-02-29,SF-Opp: 0060J00000mtgDeQAI | Partner-EU: 112436426 | Region: EU
Partner EU 1168619,Partner EU 1168619,85195.67,100,2024-02-29,SF-Opp: 0062000000H4o10AAB | Partner-EU: 1168619 | Region: EU
Partner EU 1205654,Partner EU 1205654,2776.15,100,2023-05-31,SF-Opp: 0062000000H4oCQAAZ | Partner-EU: 1205654 | Region: EU
Partner EU 1210226,Partner EU 1210226,24650.86,100,2024-02-29,SF-Opp: 0062000000H4oJKAAZ | Partner-EU: 1210226 | Region: EU
Partner EU 1409603,Partner EU 1409603,10117.11,100,2024-02-29,SF-Opp: 0062000000H4oBRAAZ | Partner-EU: 1409603 | Region: EU
Partner EU 1474886,Partner EU 1474886,12094.67,100,2024-02-29,SF-Opp: 0062000000H4o4eAAB | Partner-EU: 1474886 | Region: EU
Partner EU 1490478,Partner EU 1490478,7143.61,100,2024-02-29,SF-Opp: 0062000000H4oFHAAZ | Partner-EU: 1490478 | Region: EU
Partner EU 149141,Partner EU 149141,14682.47,100,2023-12-31,SF-Opp: 0062000000H4oGAAAZ | Partner-EU: 149141 | Region: EU
Partner EU 1519501,Partner EU 1519501,49492.72,100,2023-09-30,SF-Opp: 0062000000H4o6fAAB | Partner-EU: 1519501 | Region: EU
Partner EU 162276,Partner EU 162276,8352.84,100,2023-09-30,SF-Opp: 0062000000H4o0OAAR | Partner-EU: 162276 | Region: EU
Partner EU 1689745,Partner EU 1689745,240934.96,100,2024-02-29,SF-Opp: 0062000000H4oFvAAJ | Partner-EU: 1689745 | Region: EU
Partner EU 1751551,Partner EU 1751551,219818.70,100,2023-06-30,SF-Opp: 0062000000H4oBrAAJ | Partner-EU: 1751551 | Region: EU
Partner EU 1800238,Partner EU 1800238,168268.54,100,2024-02-29,SF-Opp: 0062000000H4oGEAAZ | Partner-EU: 1800238 | Region: EU
Partner EU 1828297,Partner EU 1828297,548910.09,100,2024-02-29,SF-Opp: 0062000000kOGPvAAO | Partner-EU: 1828297 | Region: EU
Partner EU 1853315,Partner EU 1853315,19812.28,100,2024-02-29,SF-Opp: 0062000000H4oHjAAJ | Partner-EU: 1853315 | Region: EU
Partner EU 1943497,Partner EU 1943497,424661.58,100,2023-12-31,SF-Opp: 0062000000IbCfJAAV | Partner-EU: 1943497 | Region: EU
Partner EU 199996,Partner EU 199996,7864.17,100,2023-12-31,SF-Opp: 0062000000HieF9AAJ | Partner-EU: 199996 | Region: EU
Partner EU 204856,Partner EU 204856,6490.03,100,2024-02-29,SF-Opp: 0062000000H4o02AAB | Partner-EU: 204856 | Region: EU
Partner EU 2105644,Partner EU 2105644,51744.35,100,2024-02-29,SF-Opp: 0062000000LB0nqAAD | Partner-EU: 2105644 | Partner-NA: 1201682 | Region: EU+NA
Partner EU 2117448,Partner EU 2117448,34582.44,100,2023-12-31,SF-Opp: 0062000000H4o9kAAB | Partner-EU: 2117448 | Region: EU
Partner EU 2128038,Partner EU 2128038,34665.79,100,2024-02-29,SF-Opp: 0062000000Qu8wIAAR | Partner-EU: 2128038 | Region: EU
Partner EU 2134897,Partner EU 2134897,30731.24,100,2023-09-30,SF-Opp: 0062000000cx5ldAAA | Partner-EU: 2134897 | Partner-NA: 770398 | Region: EU+NA
Partner SF 00620000,Partner SF 00620000,279616.07,100,2024-02-29,SF-Opp: 0062000000H4oATAAZ | Region: NA
Partner EU 2241075,Partner EU 2241075,221069.52,100,2023-12-31,SF-Opp: 0062000000H4oBfAAJ | Partner-EU: 2241075 | Region: EU
Partner EU 2286205,Partner EU 2286205,46093.26,100,2023-12-31,SF-Opp: 0062000000H4oBWAAZ | Partner-EU: 2286205 | Region: EU
Partner EU 230296,Partner EU 230296,22511.61,100,2024-02-29,SF-Opp: 0062000000H4o2SAAR | Partner-EU: 230296 | Region: EU
Partner EU 2421351,Partner EU 2421351,2785.52,100,2023-09-30,SF-Opp: 0062000000H4oERAAZ | Partner-EU: 2421351 | Region: EU
Partner EU 2426667,Partner EU 2426667,534773.76,100,2024-02-29,SF-Opp: 0062000000WKev1AAD | Partner-EU: 2426667 | Region: EU
Partner EU 2513874,Partner EU 2513874,9946.50,100,2024-02-29,SF-Opp: 0062000000eqG9YAAU | Partner-EU: 2513874 | Region: EU
Partner EU 2517734,Partner EU 2517734,8288.66,100,2024-02-29,SF-Opp: 0062000000HjXj0AAF | Partner-EU: 2517734 | Region: EU
Partner EU 2584096,Partner EU 2584096,978020.74,100,2024-02-29,SF-Opp: 0062000000H4oJRAAZ | Partner-EU: 2584096 | Region: EU
Partner EU 264158,Partner EU 264158,5447.12,100,2024-02-29,SF-Opp: 0062000000H4o17AAB | Partner-EU: 264158 | Region: EU
Partner EU 2738804,Partner EU 2738804,44171.30,100,2024-02-29,SF-Opp: 0062000000H4oGmAAJ | Partner-EU: 2738804 | Region: EU
Partner EU 2752202,Partner EU 2752202,52564.56,100,2024-02-29,SF-Opp: 0062000000H4oKmAAJ | Partner-EU: 2752202 | Region: EU
Partner EU 2788547,Partner EU 2788547,6905.53,100,2024-02-29,SF-Opp: 0062000000H4oKtAAJ | Partner-EU: 2788547 | Region: EU
Partner EU 2866244,Partner EU 2866244,9280.46,100,2023-12-31,SF-Opp: 0062000000KFLJjAAP | Partner-EU: 2866244 | Region: EU
Partner NA 1124524,Partner NA 1124524,25528.16,100,2023-12-31,SF-Opp: 0062000000fFVLzAAO | Partner-NA: 1124524 | Region: NA
Partner EU 2930607,Partner EU 2930607,130997.87,100,2023-09-30,SF-Opp: 0062000000H4oLFAAZ | Partner-EU: 2930607 | Partner-NA: 2765086 | Region: EU+NA
Partner EU 2944439,Partner EU 2944439,35159.38,100,2024-02-29,SF-Opp: 0062000000H4oKDAAZ | Partner-EU: 2944439 | Region: EU
Partner EU 3068373,Partner EU 3068373,25917.74,100,2023-09-30,SF-Opp: 0062000000LCsZlAAL | Partner-EU: 3068373 | Partner-NA: 1858267 | Region: EU+NA
Partner EU 3187834,Partner EU 3187834,26619.93,100,2024-02-29,SF-Opp: 0062000000HjhwmAAB | Partner-EU: 3187834 | Region: EU
Partner EU 3346198,Partner EU 3346198,152833.23,100,2024-02-29,SF-Opp: 0062000000VgyRGAAZ | Partner-EU: 3346198 | Partner-NA: 1237639 | Region: EU+NA
Partner EU 3392922,Partner EU 3392922,28507.48,100,2024-02-29,SF-Opp: 0062000000JROtvAAH | Partner-EU: 3392922 | Region: EU
Partner SF 00620000,Partner SF 00620000,41900.21,100,2024-02-29,SF-Opp: 0062000000LBM81AAH | Region: NA
Partner EU 355278,Partner EU 355278,4986.35,100,2024-02-29,SF-Opp: 0062000000H4nzuAAB | Partner-EU: 355278 | Region: EU
Partner SF 00620000,Partner SF 00620000,25741.72,100,2024-02-29,SF-Opp: 0062000000Id2zOAAR | Region: NA
Partner EU 3615667,Partner EU 3615667,14924.21,100,2023-12-31,SF-Opp: 0062000000IeIyWAAV | Partner-EU: 3615667 | Region: EU
Partner EU 3643598,Partner EU 3643598,3856.68,100,2023-12-31,SF-Opp: 0062000000IeF2lAAF | Partner-EU: 3643598 | Partner-NA: 1473649 | Region: EU+NA
Partner SF 00620000,Partner SF 00620000,3347.15,100,2023-12-31,SF-Opp: 0062000000JT03sAAD | Region: NA
Partner EU 3695708,Partner EU 3695708,21048.69,100,2024-02-29,SF-Opp: 0062000000PQHkIAAX | Partner-EU: 3695708 | Region: EU
Partner EU 3769293,Partner EU 3769293,107971.76,100,2024-02-29,SF-Opp: 0062000000QQi97AAD | Partner-EU: 3769293 | Region: EU
Partner SF 00620000,Partner SF 00620000,2039.04,100,2023-12-31,SF-Opp: 0062000000KFPr2AAH | Region: NA
Partner EU 3859849,Partner EU 3859849,117805.22,100,2024-02-29,SF-Opp: 0062000000NGOWoAAP | Partner-EU: 3859849 | Region: EU
Partner SF 00620000,Partner SF 00620000,5762228.45,100,2024-02-29,SF-Opp: 0062000000ONSSDAA5 | Region: NA
Partner EU 3863248,Partner EU 3863248,2365.24,100,2023-12-31,SF-Opp: 0062000000KGO2eAAH | Partner-EU: 3863248 | Region: EU
Partner EU 4043504,Partner EU 4043504,20882.05,100,2024-02-29,SF-Opp: 0062000000KHJoKAAX | Partner-EU: 4043504 | Partner-NA: 2222782 | Region: EU+NA
Partner EU 4048514,Partner EU 4048514,121622.56,100,2024-02-29,SF-Opp: 0062000000UsvCdAAJ | Partner-EU: 4048514 | Partner-NA: 5367559 | Region: EU+NA
Partner EU 413936,Partner EU 413936,85199.60,100,2024-02-29,SF-Opp: 0062000000H4oJIAAZ | Partner-EU: 413936 | Region: EU
Partner SF 00620000,Partner SF 00620000,17929.86,100,2024-02-29,SF-Opp: 0062000000MZcgKAAT | Region: NA
Partner EU 41985,Partner EU 41985,954720.04,100,2024-02-29,SF-Opp: 0062000000H4o47AAB | Partner-EU: 41985 | Region: EU
Blackscarfafc,Blackscarfafc,10909.59,100,2023-12-31,SF-Opp: 0062000000UqIrtAAF | Partner-EU: 4234327 | Region: EU
Partner EU 4242865,Partner EU 4242865,506755.47,100,2024-02-29,SF-Opp: 0062000000MSld8AAD | Partner-EU: 4242865 | Partner-NA: 2567391 | Region: EU+NA
Partner EU 4257051,Partner EU 4257051,10550.17,100,2023-12-31,SF-Opp: 0062000000M2p3yAAB | Partner-EU: 4257051 | Region: EU
Partner EU 4390429,Partner EU 4390429,264905.61,100,2023-09-30,SF-Opp: 0062000000NG9bZAAT | Partner-EU: 4390429 | Partner-NA: 1508984 | Region: EU+NA
Partner NA 5358,Partner NA 5358,74282.41,100,2024-02-29,SF-Opp: 0062000000H4o6SAAR | Partner-NA: 5358 | Region: NA
Partner NA 2212856,Partner NA 2212856,115477.57,100,2023-12-31,SF-Opp: 0062000000NK7XZAA1 | Partner-NA: 2212856 | Region: NA
Partner EU 4803586,Partner EU 4803586,11244.94,100,2024-02-29,SF-Opp: 0062000000Vh1tBAAR | Partner-EU: 4803586 | Region: EU
Partner EU 4963223,Partner EU 4963223,5655.06,100,2023-09-30,SF-Opp: 0062000000Tw7brAAB | Partner-EU: 4963223 | Region: EU
Partner EU 4995581,Partner EU 4995581,18430.88,100,2024-02-29,SF-Opp: 0062000000M3LD0AAN | Partner-EU: 4995581 | Partner-NA: 2457363 | Region: EU+NA
Partner EU 5075169,Partner EU 5075169,2700.94,100,2024-02-29,SF-Opp: 0062000000QOIYhAAP | Partner-EU: 5075169 | Partner-NA: 2491433 | Region: EU+NA
Partner EU 5234434,Partner EU 5234434,8610.21,100,2023-12-31,SF-Opp: 0062000000QPWW0AAP | Partner-EU: 5234434 | Region: EU
Partner EU 5324411,Partner EU 5324411,8641.78,100,2024-02-29,SF-Opp: 0062000000S1qBeAAJ | Partner-EU: 5324411 | Region: EU
Partner EU 5365937,Partner EU 5365937,3174.22,100,2023-12-31,SF-Opp: 0062000000QPuXWAA1 | Partner-EU: 5365937 | Region: EU
Nueva Films,Nueva Films,7226.79,100,2023-12-31,SF-Opp: 0062000000WNDPAAA5 | Partner-EU: 5554519 | Partner-NA: 4067124 | Region: EU+NA
Partner EU 569505,Partner EU 569505,50256.83,100,2024-02-29,SF-Opp: 0062000000KE9NaAAL | Partner-EU: 569505 | Partner-NA: 302486 | Region: EU+NA
Partner EU 5716224,Partner EU 5716224,7391.74,100,2024-02-29,SF-Opp: 0062000000Ur1yAAAR | Partner-EU: 5716224 | Region: EU
Partner EU 5806515,Partner EU 5806515,39669.12,100,2024-02-29,SF-Opp: 0062000000Su5xDAAR | Partner-EU: 5806515 | Partner-NA: 3047236 | Region: EU+NA
Partner EU 58892,Partner EU 58892,25436.06,100,2023-12-31,SF-Opp: 0062000000H4o79AAB | Partner-EU: 58892 | Region: EU
Partner EU 5995801,Partner EU 5995801,202094.10,100,2024-02-29,SF-Opp: 0062000000TuhuvAAB | Partner-EU: 5995801 | Partner-NA: 1562964 | Region: EU+NA
Partner EU 607247,Partner EU 607247,35362.17,100,2023-12-31,SF-Opp: 0062000000H4oE8AAJ | Partner-EU: 607247 | Partner-NA: 298462 | Region: EU+NA
Partner EU 610256,Partner EU 610256,40433.91,100,2023-12-31,SF-Opp: 0062000000HkPakAAF | Partner-EU: 610256 | Region: EU
Partner EU 618065,Partner EU 618065,68814.56,100,2024-02-29,SF-Opp: 0062000000H4oFUAAZ | Partner-EU: 618065 | Region: EU
Partner EU 6221287,Partner EU 6221287,130900.37,100,2024-02-29,SF-Opp: 0062000000Ur3OlAAJ | Partner-EU: 6221287 | Region: EU
Partner EU 6306361,Partner EU 6306361,22683.71,100,2024-02-29,SF-Opp: 0062000000Vh0HTAAZ | Partner-EU: 6306361 | Region: EU
Partner EU 6805618,Partner EU 6805618,19245.68,100,2024-02-29,SF-Opp: 0062000000WLLBNAA5 | Partner-EU: 6805618 | Region: EU
VenturianTale,VenturianTale,32813.20,100,2023-06-30,SF-Opp: 0062000000WOV4KAAX | Partner-EU: 7099633 | Partner-NA: 3961271 | Region: EU+NA
Partner EU 7159671,Partner EU 7159671,49555.75,100,2023-04-30,SF-Opp: 0062000000XGCInAAP | Partner-EU: 7159671 | Partner-NA: 4264609 | Region: EU+NA
Partner EU 730507,Partner EU 730507,95950.59,100,2024-02-29,SF-Opp: 0062000000HkPSCAA3 | Partner-EU: 730507 | Region: EU
Partner EU 7669575,Partner EU 7669575,118197.46,100,2023-12-31,SF-Opp: 0062000000j5P8VAAU | Partner-EU: 7669575 | Region: EU
Partner NA 307992,Partner NA 307992,960012.10,100,2024-02-29,SF-Opp: 0062000000H4o1nAAB | Partner-NA: 307992 | Region: NA
Partner EU 8121038,Partner EU 8121038,6032.63,100,2023-09-30,SF-Opp: 0062000000aaqttAAA | Partner-EU: 8121038 | Region: EU
Partner EU 827294,Partner EU 827294,24059.23,100,2024-02-29,SF-Opp: 0062000000H4oDuAAJ | Partner-EU: 827294 | Region: EU
Karen Addison Associates / Thelwell,Karen Addison Associates / Thelwell,12402.76,100,2024-02-29,SF-Opp: 0062000000aAsE5AAK | Partner-EU: 8315424 | Partner-NA: 5287531 | Region: EU+NA
Janosch film & medien AG,Janosch film & medien AG,42537.81,100,2023-12-31,SF-Opp: 0062000000cAfa9AAC | Partner-EU: 8443384 | Region: EU
Totally Awesome Fishing,Totally Awesome Fishing,11523.23,100,2024-02-29,SF-Opp: 0062000000dSt4XAAS | Partner-NA: 5456856 | Region: NA
Partner EU 8552367,Partner EU 8552367,303698.98,100,2024-02-29,SF-Opp: 0062000000lDW6UAAW | Partner-EU: 8552367 | Partner-NA: 301757385 | Region: EU+NA
Threema,Threema,33237.14,100,2024-02-29,SF-Opp: 0062000000g1kguAAA | Partner-EU: 8556362 | Region: EU
Partner EU 865287,Partner EU 865287,4629.01,100,2023-09-30,SF-Opp: 0062000000H4o3IAAR | Partner-EU: 865287 | Region: EU
Partner EU 870148,Partner EU 870148,120919.73,100,2024-02-29,SF-Opp: 0062000000IcsMWAAZ | Partner-EU: 870148 | Partner-NA: 303082 | Region: EU+NA
Partner EU 909007,Partner EU 909007,126225.69,100,2024-02-29,SF-Opp: 0062000000H4o57AAB | Partner-EU: 909007 | Partner-NA: 311841 | Region: EU+NA
Partner EU 952523,Partner EU 952523,1348.23,100,2023-04-30,SF-Opp: 0062000000H4o5iAAB | Partner-EU: 952523 | Region: EU
Partner EU 968121,Partner EU 968121,2260.94,100,2023-12-31,SF-Opp: 0062000000H4o4vAAB | Partner-EU: 968121 | Region: EU
Partner EU 114218675,Partner EU 114218675,1878.44,100,2023-12-31,SF-Opp: 0060J00000pXq6QQAS | Partner-EU: 114218675 | Region: EU
Partner EU 114551458,Partner EU 114551458,39469.43,100,2024-02-29,SF-Opp: 0060J00000qZ1qsQAC | Partner-EU: 114551458 | Region: EU
Partner EU 1081163,Partner EU 1081163,39926.92,100,2024-02-29,SF-Opp: 0062000000H4nzTAAR | Partner-EU: 1081163 | Region: EU
Partner EU 112360333,Partner EU 112360333,4544.27,100,2024-02-29,SF-Opp: 0062000000kNt8uAAC | Partner-EU: 112360333 | Region: EU
Partner EU 149826,Partner EU 149826,3683.80,100,2024-02-29,SF-Opp: 0062000000H4nzHAAR | Partner-EU: 149826 | Region: EU
Partner EU 17343,Partner EU 17343,17001.93,100,2024-02-29,SF-Opp: 0062000000H4o1sAAB | Partner-EU: 17343 | Region: EU
Partner EU 1745484,Partner EU 1745484,10408.83,100,2023-12-31,SF-Opp: 0062000000lZGTNAA4 | Partner-EU: 1745484 | Region: EU
Partner SF 00620000,Partner SF 00620000,5665.47,100,2023-12-31,SF-Opp: 0062000000H4oHAAAZ | Region: NA
Partner EU 2492846,Partner EU 2492846,8446.58,100,2024-02-29,SF-Opp: 0062000000H4oMEAAZ | Partner-EU: 2492846 | Region: EU
Partner EU 2754606,Partner EU 2754606,2070.88,100,2023-09-30,SF-Opp: 0062000000H4oHlAAJ | Partner-EU: 2754606 | Region: EU
Partner EU 3184022,Partner EU 3184022,2705.93,100,2023-12-31,SF-Opp: 0062000000H4oMiAAJ | Partner-EU: 3184022 | Region: EU
Partner EU 3271296,Partner EU 3271296,2382.69,100,2024-02-29,SF-Opp: 0062000000H4oN8AAJ | Partner-EU: 3271296 | Region: EU
Partner EU 3399266,Partner EU 3399266,25195.44,100,2023-09-30,SF-Opp: 0062000000LCrxSAAT | Partner-EU: 3399266 | Partner-NA: 1451765 | Region: EU+NA
Partner EU 3619018,Partner EU 3619018,5517.70,100,2023-12-31,SF-Opp: 0062000000KHKI6AAP | Partner-EU: 3619018 | Region: EU
Partner EU 3748321,Partner EU 3748321,29984.03,100,2024-02-29,SF-Opp: 0062000000Qu3mpAAB | Partner-EU: 3748321 | Region: EU
Partner EU 3856872,Partner EU 3856872,5201.72,100,2023-12-31,SF-Opp: 0062000000KFvYiAAL | Partner-EU: 3856872 | Region: EU
Partner EU 4246043,Partner EU 4246043,2763.52,100,2023-12-31,SF-Opp: 0062000000MY36KAAT | Partner-EU: 4246043 | Region: EU
Partner EU 4341045,Partner EU 4341045,3618.98,100,2024-02-29,SF-Opp: 0062000000NJ9uJAAT | Partner-EU: 4341045 | Region: EU
Partner EU 4390908,Partner EU 4390908,89288.95,100,2024-02-29,SF-Opp: 0062000000NHTPIAA5 | Partner-EU: 4390908 | Region: EU
Partner EU 4460304,Partner EU 4460304,15275.51,100,2023-12-31,SF-Opp: 0062000000NJPDVAA5 | Partner-EU: 4460304 | Partner-NA: 2172129 | Region: EU+NA
Partner EU 4685935,Partner EU 4685935,2945.42,100,2023-12-31,SF-Opp: 0062000000XERpRAAX | Partner-EU: 4685935 | Partner-NA: 1434875 | Region: EU+NA
Partner EU 4767291,Partner EU 4767291,785899.04,100,2024-02-29,SF-Opp: 0062000000OO85JAAT | Partner-EU: 4767291 | Region: EU
Blackmill,Blackmill,6526.10,100,2023-09-30,SF-Opp: 0062000000SvdMiAAJ | Partner-EU: 5581642 | Region: EU
Partner EU 59525,Partner EU 59525,6150.99,100,2024-02-29,SF-Opp: 0062000000H4oIxAAJ | Partner-EU: 59525 | Region: EU
Partner EU 6733314,Partner EU 6733314,963.03,100,2023-12-31,SF-Opp: 0062000000WLFTvAAP | Partner-EU: 6733314 | Partner-NA: 3888619 | Region: EU+NA
Travian Games,Travian Games,6109.53,100,2024-02-29,SF-Opp: 0062000000eG8D6AAK | Partner-EU: 8553519 | Region: EU
STARPATROL Entertainment / Dodokay,STARPATROL Entertainment / Dodokay,1826.71,100,2024-02-29,SF-Opp: 0062000000cnRCIAA2 | Partner-EU: 112047824 | Region: EU
Partner EU 1476677,Partner EU 1476677,33920.63,100,2023-04-30,SF-Opp: 0062000000H4o9WAAR | Partner-EU: 1476677 | Region: EU
Partner EU 2480545,Partner EU 2480545,361.11,100,2023-09-30,SF-Opp: 0062000000H4oDdAAJ | Partner-EU: 2480545 | Region: EU
Partner EU 2584445,Partner EU 2584445,3952.20,100,2023-12-31,SF-Opp: 0062000000LApCKAA1 | Partner-EU: 2584445 | Region: EU
Partner EU 3530447,Partner EU 3530447,2956.78,100,2024-02-29,SF-Opp: 0062000000JRKOyAAP | Partner-EU: 3530447 | Region: EU
Partner EU 3660953,Partner EU 3660953,5749.98,100,2023-12-31,SF-Opp: 0062000000JRs1hAAD | Partner-EU: 3660953 | Region: EU
Partner EU 3859859,Partner EU 3859859,1094.41,100,2024-02-29,SF-Opp: 0062000000KFQ4WAAX | Partner-EU: 3859859 | Region: EU
Partner EU 533726,Partner EU 533726,7089.99,100,2024-02-29,SF-Opp: 0062000000H4o4NAAR | Partner-EU: 533726 | Region: EU
Kristoffer Clausen,Kristoffer Clausen,2178.46,100,2024-02-29,SF-Opp: 0062000000Tvb7kAAB | Partner-EU: 6006548 | Region: EU
Partner EU 615031,Partner EU 615031,3233.19,100,2023-04-30,SF-Opp: 0062000000H4oDcAAJ | Partner-EU: 615031 | Region: EU
Partner EU 8522415,Partner EU 8522415,117.79,100,2024-02-29,SF-Opp: 0062000000dRlEzAAK | Partner-EU: 8522415 | Region: EU
Partner EU 111667442,Partner EU 111667442,698.73,100,2023-12-31,SF-Opp: 0062000000iEva0AAC | Partner-EU: 111667442 | Region: EU
Partner EU 2736118,Partner EU 2736118,891.60,100,2023-06-30,SF-Opp: 0062000000H4oITAAZ | Partner-EU: 2736118 | Region: EU
Partner EU 2879495,Partner EU 2879495,753.11,100,2023-09-30,SF-Opp: 0062000000H4oIQAAZ | Partner-EU: 2879495 | Region: EU
Partner EU 3318288,Partner EU 3318288,2574.69,100,2023-06-30,SF-Opp: 0062000000H4oNVAAZ | Partner-EU: 3318288 | Region: EU
Partner EU 3798282,Partner EU 3798282,3044.03,100,2024-02-29,SF-Opp: 0062000000KF2PwAAL | Partner-EU: 3798282 | Region: EU
Partner EU 4368161,Partner EU 4368161,1029.44,100,2023-12-31,SF-Opp: 0062000000MZZznAAH | Partner-EU: 4368161 | Region: EU
Partner SF 00620000,Partner SF 00620000,502.84,100,2023-12-31,SF-Opp: 0062000000VgpRvAAJ | Region: NA
Partner EU 6287137,Partner EU 6287137,1834.10,100,2023-12-31,SF-Opp: 0062000000ioaLDAAY | Partner-EU: 6287137 | Region: EU
Partner EU 3547674,Partner EU 3547674,834.91,100,2023-12-31,SF-Opp: 0062000000HlOExAAN | Partner-EU: 3547674 | Region: EU
Partner EU 3654813,Partner EU 3654813,5650.70,100,2023-05-31,SF-Opp: 0062000000Ie2jZAAR | Partner-EU: 3654813 | Region: EU
Partner EU 935472,Partner EU 935472,1201.22,100,2023-09-30,SF-Opp: 0062000000KFkEgAAL | Partner-EU: 935472 | Region: EU
Partner EU 113824426,Partner EU 113824426,52622.63,100,2023-09-30,SF-Opp: 0060J00000pNXdzQAG | Partner-EU: 113824426 | Region: EU
Partner EU 114783773,Partner EU 114783773,132191.31,100,2024-02-29,SF-Opp: 0060J00000pNbpQQAS | Partner-EU: 114783773 | Partner-NA: 302865861 | Region: EU+NA
Partner EU 113013086,Partner EU 113013086,41687.07,100,2024-02-29,SF-Opp: 0060J00000s6dTLQAY | Partner-EU: 113013086 | Region: EU
Partner EU 8296862,Partner EU 8296862,124791.65,100,2024-02-29,SF-Opp: 0060J00000sWyZcQAK | Partner-EU: 8296862 | Region: EU
Partner SF 0060J000,Partner SF 0060J000,17875.82,100,2023-09-30,SF-Opp: 0060J00000rebuMQAQ | Region: NA
Partner EU 4638562,Partner EU 4638562,2079.97,100,2023-09-30,SF-Opp: 0062000000OLVC2AAP | Partner-EU: 4638562 | Region: EU
Partner SF 0060J000,Partner SF 0060J000,4730.74,100,2023-12-31,SF-Opp: 0060J00000qbLJXQA2 | Region: NA
Partner SF 0060J000,Partner SF 0060J000,108272.72,100,2024-02-29,SF-Opp: 0060J00000rDDjXQAW | Region: NA
Partner EU 114355883,Partner EU 114355883,42042.88,100,2024-02-29,SF-Opp: 0060J00000rEvgJQAS | Partner-EU: 114355883 | Region: EU
Partner EU 112666367,Partner EU 112666367,143193.00,100,2024-02-29,SF-Opp: 0060J00000vwAOfQAM | Partner-EU: 112666367 | Region: EU
Partner EU 114806078,Partner EU 114806078,41.11,100,2023-05-31,SF-Opp: 0060J00000qbQoxQAE | Partner-EU: 114806078 | Region: EU
Swemix Aktiebolag,Swemix Aktiebolag,5417.70,100,2023-12-31,SF-Opp: 0062000000VgsQBAAZ | Partner-EU: 6654113 | Region: EU
Partner EU 4867655,Partner EU 4867655,1457.28,100,2023-09-30,SF-Opp: 0062000000ONUisAAH | Partner-EU: 4867655 | Region: EU
Partner EU 115207109,Partner EU 115207109,936.60,100,2024-02-29,SF-Opp: 0060J00000pPKKcQAO | Partner-EU: 115207109 | Region: EU
Partner EU 115897297,Partner EU 115897297,84841.24,100,2023-12-31,SF-Opp: 0060J00000txGEpQAM | Partner-EU: 115897297 | Region: EU
Partner SF 00620000,Partner SF 00620000,457.23,100,2023-09-30,SF-Opp: 0062000000H4oDvAAJ | Region: NA
Partner SF 00620000,Partner SF 00620000,13850.12,100,2024-02-29,SF-Opp: 0062000000OMpbtAAD | Region: NA
Partner EU 7617529,Partner EU 7617529,1315.77,100,2023-09-30,SF-Opp: 0062000000WL87DAAT | Partner-EU: 7617529 | Partner-NA: 977947 | Region: EU+NA
Partner EU 116884843,Partner EU 116884843,2272.36,100,2023-04-30,SF-Opp: 0060J00000vdb9oQAA | Partner-EU: 116884843 | Region: EU
Partner EU 117226995,Partner EU 117226995,38750.78,100,2024-02-29,SF-Opp: 0060J00000wcBDMQA2 | Partner-EU: 117226995 | Region: EU
Partner SF 0060J000,Partner SF 0060J000,78092.17,100,2024-02-29,SF-Opp: 0060J00000wd11vQAA | Region: NA
Partner EU 114011202,Partner EU 114011202,36445.15,100,2024-02-29,SF-Opp: 0060J00000yFL37QAG | Partner-EU: 114011202 | Region: EU
Partner EU 8607458,Partner EU 8607458,204.86,100,2023-12-31,SF-Opp: 0062000000fJrCZAA0 | Partner-EU: 8607458 | Region: EU
Partner EU 8211553,Partner EU 8211553,12219.01,100,2023-12-31,SF-Opp: 0062000000WNgVLAA1 | Partner-EU: 8211553 | Partner-NA: 4104468 | Region: EU+NA
Partner EU 119268511,Partner EU 119268511,39829.71,100,2024-02-29,SF-Opp: 0060J00001181NPQAY | Partner-EU: 119268511 | Region: EU
Partner EU 3487743,Partner EU 3487743,31580.12,100,2024-02-29,SF-Opp: 0060J000011fbSlQAI | Partner-EU: 3487743 | Region: EU
Trikk17,Trikk17,1505.79,100,2024-02-29,SF-Opp: 0060J0000117fLJQAY | Partner-EU: 118276555 | Region: EU
Partner EU 113921538,Partner EU 113921538,32074.02,100,2024-02-29,SF-Opp: 0060J00000odTLOQA2 | Partner-EU: 113921538 | Region: EU
Partner EU 3057684,Partner EU 3057684,345.81,100,2023-12-31,SF-Opp: 0062000000H4oNLAAZ | Partner-EU: 3057684 | Region: EU
Partner EU 116066848,Partner EU 116066848,86543.81,100,2024-02-29,SF-Opp: 0066M000011iNv4QAE | Partner-EU: 116066848 | Region: EU
Partner EU 113821813,Partner EU 113821813,331.15,100,2023-12-31,SF-Opp: 0060J00000lfzNWQAY | Partner-EU: 113821813 | Region: EU
Partner EU 112653327,Partner EU 112653327,26416.62,100,2024-02-29,SF-Opp: 0066M000011j5MaQAI | Partner-EU: 112653327 | Region: EU
Edel Germany GmbH - Wunderwelt,Edel Germany GmbH - Wunderwelt,236.88,100,2023-12-31,SF-Opp: 0060J00000o2tKTQAY | Partner-EU: 111741861 | Region: EU
Partner EU 7219537,Partner EU 7219537,185.36,100,2023-05-31,SF-Opp: 0062000000lGJJTAA4 | Partner-EU: 7219537 | Region: EU
VDBrands GmbH,VDBrands GmbH,1883.73,100,2024-02-29,SF-Opp: 0060J0000116gNYQAY | Partner-EU: 119387066 | Region: EU
Partner SF 0066M000,Partner SF 0066M000,59303.45,100,2024-02-29,SF-Opp: 0066M00001CKMCpQAP | Region: NA
Partner EU 128305581,Partner EU 128305581,194.90,100,2023-12-31,SF-Opp: 0066M00001Fj1dwQAB | Partner-EU: 128305581 | Region: EU
ZDF Enterprises GmbH,ZDF Enterprises GmbH,7.55,100,2023-06-30,SF-Opp: 0060J00000lfzIbQAI | Partner-EU: 113739089 | Region: EU
bianca de paula A Artistry Flow,bianca de paula A Artistry Flow,,75,2026-03-16 00:00:00,
Elliot Schiro the_dandlion_§hop,Elliot Schiro the_dandlion_§hop,,75,2026-03-16 00:00:00,
